2025.07.27 17:35:47 INFO  Started: Metals version 1.6.0 in folders 'C:\Users\Jayso\Projects_For_Github\pls\hello-world' for client Visual Studio Code 1.101.2.
2025.07.27 17:35:56 INFO  no build target found for C:\Users\Jayso\Projects_For_Github\pls\hello-world\src\main\scala\app\Main.scala. Using presentation compiler with project's scala-library version: 3.3.6
2025.07.27 17:35:57 INFO  Attempting to connect to the build server...
2025.07.27 17:35:57 INFO  No running Bloop server found, starting one.
2025.07.27 17:36:08 INFO  Starting compilation server
2025.07.27 17:36:13 INFO  no build target found for C:\Users\Jayso\Projects_For_Github\pls\hello-world\src\main\scala\app\Main.scala. Using presentation compiler with project's scala-library version: 3.3.6
2025.07.27 17:36:13 ERROR scala.meta.internal.metals.debug.DiscoveryFailures$BuildTargetNotFoundForPathException: No build target could be found for the path: C:\Users\Jayso\Projects_For_Github\pls\hello-world\src\main\scala\app\Main.scala
	at scala.meta.internal.metals.debug.DebugDiscovery.validate(DebugDiscovery.scala:94)
	at scala.meta.internal.metals.debug.DebugDiscovery.debugDiscovery(DebugDiscovery.scala:170)
	at scala.meta.internal.metals.debug.DebugDiscovery.runCommandDiscovery(DebugDiscovery.scala:61)
	at scala.meta.internal.metals.MetalsLspService.discoverMainClasses(MetalsLspService.scala:1489)
	at scala.meta.internal.metals.WorkspaceLspService.executeCommand(WorkspaceLspService.scala:916)
	at scala.meta.metals.lsp.DelegatingScalaService.executeCommand(DelegatingScalaService.scala:169)
	at jdk.internal.reflect.DirectMethodHandleAccessor.invoke(DirectMethodHandleAccessor.java:103)
	at java.lang.reflect.Method.invoke(Method.java:580)
	at org.eclipse.lsp4j.jsonrpc.services.GenericEndpoint.lambda$recursiveFindRpcMethods$0(GenericEndpoint.java:65)
	at org.eclipse.lsp4j.jsonrpc.services.GenericEndpoint.request(GenericEndpoint.java:128)
	at org.eclipse.lsp4j.jsonrpc.RemoteEndpoint.handleRequest(RemoteEndpoint.java:271)
	at org.eclipse.lsp4j.jsonrpc.RemoteEndpoint.consume(RemoteEndpoint.java:201)
	at org.eclipse.lsp4j.jsonrpc.json.StreamMessageProducer.handleMessage(StreamMessageProducer.java:185)
	at org.eclipse.lsp4j.jsonrpc.json.StreamMessageProducer.listen(StreamMessageProducer.java:97)
	at org.eclipse.lsp4j.jsonrpc.json.ConcurrentMessageProcessor.run(ConcurrentMessageProcessor.java:114)
	at java.util.concurrent.Executors$RunnableAdapter.call(Executors.java:572)
	at java.util.concurrent.FutureTask.run(FutureTask.java:317)
	at java.util.concurrent.ThreadPoolExecutor.runWorker(ThreadPoolExecutor.java:1144)
	at java.util.concurrent.ThreadPoolExecutor$Worker.run(ThreadPoolExecutor.java:642)
	at java.lang.Thread.run(Thread.java:1583)

Jul 27, 2025 5:36:13 PM org.eclipse.lsp4j.jsonrpc.RemoteEndpoint handleCancellation
WARNING: Unmatched cancel notification for request id 1
Jul 27, 2025 5:36:14 PM org.eclipse.lsp4j.jsonrpc.RemoteEndpoint handleCancellation
WARNING: Unmatched cancel notification for request id 2
Jul 27, 2025 5:36:14 PM org.eclipse.lsp4j.jsonrpc.RemoteEndpoint handleCancellation
WARNING: Unmatched cancel notification for request id 3
2025.07.27 17:36:14 INFO  no build target found for C:\Users\Jayso\Projects_For_Github\pls\hello-world\src\main\scala\app\Main.scala. Using presentation compiler with project's scala-library version: 3.3.6
2025.07.27 17:36:16 INFO  no build target found for C:\Users\Jayso\Projects_For_Github\pls\hello-world\src\main\scala\app\Main.scala. Using presentation compiler with project's scala-library version: 3.3.6
2025.07.27 17:36:16 WARN  no build target for: C:\Users\Jayso\Projects_For_Github\pls\hello-world\src\main\scala\app\Main.scala
2025.07.27 17:36:17 ERROR scala.meta.internal.metals.debug.DiscoveryFailures$BuildTargetNotFoundForPathException: No build target could be found for the path: C:\Users\Jayso\Projects_For_Github\pls\hello-world\src\main\scala\app\Main.scala
	at scala.meta.internal.metals.debug.DebugDiscovery.validate(DebugDiscovery.scala:94)
	at scala.meta.internal.metals.debug.DebugDiscovery.debugDiscovery(DebugDiscovery.scala:170)
	at scala.meta.internal.metals.MetalsLspService.debugDiscovery(MetalsLspService.scala:1456)
	at scala.meta.internal.metals.WorkspaceLspService.executeCommand(WorkspaceLspService.scala:1112)
	at scala.meta.metals.lsp.DelegatingScalaService.executeCommand(DelegatingScalaService.scala:169)
	at jdk.internal.reflect.DirectMethodHandleAccessor.invoke(DirectMethodHandleAccessor.java:103)
	at java.lang.reflect.Method.invoke(Method.java:580)
	at org.eclipse.lsp4j.jsonrpc.services.GenericEndpoint.lambda$recursiveFindRpcMethods$0(GenericEndpoint.java:65)
	at org.eclipse.lsp4j.jsonrpc.services.GenericEndpoint.request(GenericEndpoint.java:128)
	at org.eclipse.lsp4j.jsonrpc.RemoteEndpoint.handleRequest(RemoteEndpoint.java:271)
	at org.eclipse.lsp4j.jsonrpc.RemoteEndpoint.consume(RemoteEndpoint.java:201)
	at org.eclipse.lsp4j.jsonrpc.json.StreamMessageProducer.handleMessage(StreamMessageProducer.java:185)
	at org.eclipse.lsp4j.jsonrpc.json.StreamMessageProducer.listen(StreamMessageProducer.java:97)
	at org.eclipse.lsp4j.jsonrpc.json.ConcurrentMessageProcessor.run(ConcurrentMessageProcessor.java:114)
	at java.util.concurrent.Executors$RunnableAdapter.call(Executors.java:572)
	at java.util.concurrent.FutureTask.run(FutureTask.java:317)
	at java.util.concurrent.ThreadPoolExecutor.runWorker(ThreadPoolExecutor.java:1144)
	at java.util.concurrent.ThreadPoolExecutor$Worker.run(ThreadPoolExecutor.java:642)
	at java.lang.Thread.run(Thread.java:1583)

2025.07.27 17:36:23 INFO  tracing is disabled for protocol BSP, to enable tracing of incoming and outgoing JSON messages create an empty file at C:\Users\Jayso\Projects_For_Github\pls\hello-world\.metals\bsp.trace.json or C:\Users\Jayso\AppData\Local\scalameta\metals\cache\bsp.trace.json
2025.07.27 17:36:28 INFO  Attempting to connect to the build server...
2025.07.27 17:36:28 INFO  Found a Bloop server running
2025.07.27 17:36:28 INFO  tracing is disabled for protocol BSP, to enable tracing of incoming and outgoing JSON messages create an empty file at C:\Users\Jayso\Projects_For_Github\pls\hello-world\project\.metals\bsp.trace.json or C:\Users\Jayso\AppData\Local\scalameta\metals\cache\bsp.trace.json
2025.07.27 17:36:28 INFO  time: Connected to build server in 30s
2025.07.27 17:36:28 INFO  Connected to Build server: Bloop v2.0.10
2025.07.27 17:36:29 INFO  time: Imported build in 0.93s
Jul 27, 2025 5:36:54 PM scala.meta.internal.pc.CompilerAccess retryWithCleanCompiler
INFO: compiler crashed due to an error in the Scala compiler, retrying with new compiler instance.
2025.07.27 17:37:05 INFO  time: indexed workspace in 35s
Jul 27, 2025 5:37:15 PM org.eclipse.lsp4j.jsonrpc.RemoteEndpoint handleCancellation
WARNING: Unmatched cancel notification for request id 41
Jul 27, 2025 5:37:15 PM org.eclipse.lsp4j.jsonrpc.RemoteEndpoint handleCancellation
WARNING: Unmatched cancel notification for request id 42
Jul 27, 2025 5:37:15 PM org.eclipse.lsp4j.jsonrpc.RemoteEndpoint handleCancellation
WARNING: Unmatched cancel notification for request id 43
Jul 27, 2025 5:37:15 PM org.eclipse.lsp4j.jsonrpc.RemoteEndpoint handleCancellation
WARNING: Unmatched cancel notification for request id 44
Jul 27, 2025 5:37:15 PM org.eclipse.lsp4j.jsonrpc.RemoteEndpoint handleCancellation
WARNING: Unmatched cancel notification for request id 45
Jul 27, 2025 5:41:47 PM org.eclipse.lsp4j.jsonrpc.RemoteEndpoint handleCancellation
WARNING: Unmatched cancel notification for request id 55
Jul 27, 2025 5:41:47 PM org.eclipse.lsp4j.jsonrpc.RemoteEndpoint handleCancellation
WARNING: Unmatched cancel notification for request id 56
Jul 27, 2025 5:42:37 PM org.eclipse.lsp4j.jsonrpc.RemoteEndpoint handleCancellation
WARNING: Unmatched cancel notification for request id 133
Jul 27, 2025 5:42:37 PM org.eclipse.lsp4j.jsonrpc.RemoteEndpoint handleCancellation
WARNING: Unmatched cancel notification for request id 134
Jul 27, 2025 5:42:54 PM org.eclipse.lsp4j.jsonrpc.RemoteEndpoint handleCancellation
WARNING: Unmatched cancel notification for request id 185
Jul 27, 2025 5:42:54 PM org.eclipse.lsp4j.jsonrpc.RemoteEndpoint handleCancellation
WARNING: Unmatched cancel notification for request id 186
Jul 27, 2025 5:42:54 PM org.eclipse.lsp4j.jsonrpc.RemoteEndpoint handleCancellation
WARNING: Unmatched cancel notification for request id 187
Jul 27, 2025 5:46:36 PM org.eclipse.lsp4j.jsonrpc.RemoteEndpoint handleCancellation
WARNING: Unmatched cancel notification for request id 239
Jul 27, 2025 5:46:36 PM org.eclipse.lsp4j.jsonrpc.RemoteEndpoint handleCancellation
WARNING: Unmatched cancel notification for request id 240
Jul 27, 2025 5:46:36 PM org.eclipse.lsp4j.jsonrpc.RemoteEndpoint handleCancellation
WARNING: Unmatched cancel notification for request id 241
Jul 27, 2025 5:46:36 PM org.eclipse.lsp4j.jsonrpc.RemoteEndpoint handleCancellation
WARNING: Unmatched cancel notification for request id 242
Jul 27, 2025 5:47:01 PM org.eclipse.lsp4j.jsonrpc.RemoteEndpoint handleCancellation
WARNING: Unmatched cancel notification for request id 339
Jul 27, 2025 5:47:01 PM org.eclipse.lsp4j.jsonrpc.RemoteEndpoint handleCancellation
WARNING: Unmatched cancel notification for request id 340
Jul 27, 2025 5:47:01 PM org.eclipse.lsp4j.jsonrpc.RemoteEndpoint handleCancellation
WARNING: Unmatched cancel notification for request id 341
Jul 27, 2025 5:47:01 PM org.eclipse.lsp4j.jsonrpc.RemoteEndpoint handleCancellation
WARNING: Unmatched cancel notification for request id 342
Jul 27, 2025 5:47:01 PM org.eclipse.lsp4j.jsonrpc.RemoteEndpoint handleCancellation
WARNING: Unmatched cancel notification for request id 343
Jul 27, 2025 5:51:59 PM org.eclipse.lsp4j.jsonrpc.services.GenericEndpoint notify
INFO: Unsupported notification method: $/setTrace
2025.07.27 17:52:09 INFO  tracing is disabled for protocol dap-server, to enable tracing of incoming and outgoing JSON messages create an empty file at C:\Users\Jayso\Projects_For_Github\pls\hello-world\.metals\dap-server.trace.json or C:\Users\Jayso\AppData\Local\scalameta\metals\cache\dap-server.trace.json
2025.07.27 17:52:09 INFO  tracing is disabled for protocol dap-client, to enable tracing of incoming and outgoing JSON messages create an empty file at C:\Users\Jayso\Projects_For_Github\pls\hello-world\.metals\dap-client.trace.json or C:\Users\Jayso\AppData\Local\scalameta\metals\cache\dap-client.trace.json
2025.07.27 17:52:09 INFO  Starting debug proxy for [app.Main]
2025.07.27 17:52:11 INFO  Loaded expression compiler in 1 second
2025.07.27 17:52:21 INFO  Loaded all sources and classes in 9 seconds
2025.07.27 17:52:21 INFO  Initialized Scala 3 decoder in 7 milliseconds
2025.07.27 17:52:21 INFO  Trying to attach to remote debuggee VM kubernetes.docker.internal:63969 .
2025.07.27 17:52:22 INFO  tracing is disabled for protocol dap-server, to enable tracing of incoming and outgoing JSON messages create an empty file at C:\Users\Jayso\Projects_For_Github\pls\hello-world\.metals\dap-server.trace.json or C:\Users\Jayso\AppData\Local\scalameta\metals\cache\dap-server.trace.json
2025.07.27 17:52:21 INFO  Attaching to debuggee VM succeeded.
2025.07.27 17:52:22 INFO  tracing is disabled for protocol dap-client, to enable tracing of incoming and outgoing JSON messages create an empty file at C:\Users\Jayso\Projects_For_Github\pls\hello-world\.metals\dap-client.trace.json or C:\Users\Jayso\AppData\Local\scalameta\metals\cache\dap-client.trace.json
2025.07.27 17:52:23 INFO  Starting debug proxy for [app.Main]
2025.07.27 17:52:23 INFO  Loaded expression compiler in 3 milliseconds
2025.07.27 17:52:28 INFO  Loaded all sources and classes in 5 seconds
2025.07.27 17:52:28 INFO  Initialized Scala 3 decoder in 1 millisecond
2025.07.27 17:52:28 INFO  Trying to attach to remote debuggee VM kubernetes.docker.internal:63979 .
2025.07.27 17:52:28 INFO  Attaching to debuggee VM succeeded.
2025.07.27 17:54:10 INFO  time: code lens generation in 1.43s
Jul 27, 2025 6:02:48 PM org.eclipse.lsp4j.jsonrpc.RemoteEndpoint handleCancellation
WARNING: Unmatched cancel notification for request id 553
Jul 27, 2025 6:02:48 PM org.eclipse.lsp4j.jsonrpc.RemoteEndpoint handleCancellation
WARNING: Unmatched cancel notification for request id 554
Jul 27, 2025 6:02:48 PM org.eclipse.lsp4j.jsonrpc.RemoteEndpoint handleCancellation
WARNING: Unmatched cancel notification for request id 555
Jul 27, 2025 6:02:48 PM org.eclipse.lsp4j.jsonrpc.RemoteEndpoint handleCancellation
WARNING: Unmatched cancel notification for request id 556
Jul 27, 2025 6:02:55 PM org.eclipse.lsp4j.jsonrpc.RemoteEndpoint handleCancellation
WARNING: Unmatched cancel notification for request id 587
Jul 27, 2025 6:02:55 PM org.eclipse.lsp4j.jsonrpc.RemoteEndpoint handleCancellation
WARNING: Unmatched cancel notification for request id 588
Jul 27, 2025 6:02:56 PM org.eclipse.lsp4j.jsonrpc.RemoteEndpoint handleCancellation
WARNING: Unmatched cancel notification for request id 593
Jul 27, 2025 6:02:56 PM org.eclipse.lsp4j.jsonrpc.RemoteEndpoint handleCancellation
WARNING: Unmatched cancel notification for request id 595
Jul 27, 2025 6:02:56 PM org.eclipse.lsp4j.jsonrpc.RemoteEndpoint handleCancellation
WARNING: Unmatched cancel notification for request id 598
Jul 27, 2025 6:02:59 PM org.eclipse.lsp4j.jsonrpc.RemoteEndpoint handleCancellation
WARNING: Unmatched cancel notification for request id 610
2025.07.27 18:03:01 INFO  compiling hello-world (1 scala source)
Jul 27, 2025 6:03:07 PM org.eclipse.lsp4j.jsonrpc.RemoteEndpoint handleCancellation
WARNING: Unmatched cancel notification for request id 628
Jul 27, 2025 6:03:21 PM org.eclipse.lsp4j.jsonrpc.RemoteEndpoint handleCancellation
WARNING: Unmatched cancel notification for request id 657
Jul 27, 2025 6:03:24 PM org.eclipse.lsp4j.jsonrpc.RemoteEndpoint handleCancellation
WARNING: Unmatched cancel notification for request id 660
Jul 27, 2025 6:03:25 PM org.eclipse.lsp4j.jsonrpc.RemoteEndpoint handleCancellation
WARNING: Unmatched cancel notification for request id 661
Jul 27, 2025 6:03:25 PM org.eclipse.lsp4j.jsonrpc.RemoteEndpoint handleCancellation
WARNING: Unmatched cancel notification for request id 662
Jul 27, 2025 6:03:25 PM org.eclipse.lsp4j.jsonrpc.RemoteEndpoint handleCancellation
WARNING: Unmatched cancel notification for request id 663
Jul 27, 2025 6:03:25 PM org.eclipse.lsp4j.jsonrpc.RemoteEndpoint handleCancellation
WARNING: Unmatched cancel notification for request id 664
Jul 27, 2025 6:03:25 PM org.eclipse.lsp4j.jsonrpc.RemoteEndpoint handleCancellation
WARNING: Unmatched cancel notification for request id 669
Jul 27, 2025 6:03:26 PM org.eclipse.lsp4j.jsonrpc.RemoteEndpoint handleCancellation
WARNING: Unmatched cancel notification for request id 671
Jul 27, 2025 6:03:26 PM org.eclipse.lsp4j.jsonrpc.RemoteEndpoint handleCancellation
WARNING: Unmatched cancel notification for request id 673
Jul 27, 2025 6:03:26 PM org.eclipse.lsp4j.jsonrpc.RemoteEndpoint handleCancellation
WARNING: Unmatched cancel notification for request id 676
Jul 27, 2025 6:03:26 PM org.eclipse.lsp4j.jsonrpc.RemoteEndpoint handleCancellation
WARNING: Unmatched cancel notification for request id 677
Jul 27, 2025 6:03:26 PM org.eclipse.lsp4j.jsonrpc.RemoteEndpoint handleCancellation
WARNING: Unmatched cancel notification for request id 678
Jul 27, 2025 6:03:26 PM org.eclipse.lsp4j.jsonrpc.RemoteEndpoint handleCancellation
WARNING: Unmatched cancel notification for request id 680
Jul 27, 2025 6:03:26 PM org.eclipse.lsp4j.jsonrpc.RemoteEndpoint handleCancellation
WARNING: Unmatched cancel notification for request id 670
Jul 27, 2025 6:03:34 PM org.eclipse.lsp4j.jsonrpc.RemoteEndpoint handleCancellation
WARNING: Unmatched cancel notification for request id 707
Jul 27, 2025 6:03:34 PM org.eclipse.lsp4j.jsonrpc.RemoteEndpoint handleCancellation
WARNING: Unmatched cancel notification for request id 708
Jul 27, 2025 6:03:34 PM org.eclipse.lsp4j.jsonrpc.RemoteEndpoint handleCancellation
WARNING: Unmatched cancel notification for request id 709
Jul 27, 2025 6:03:34 PM org.eclipse.lsp4j.jsonrpc.RemoteEndpoint handleCancellation
WARNING: Unmatched cancel notification for request id 710
Jul 27, 2025 6:03:34 PM org.eclipse.lsp4j.jsonrpc.RemoteEndpoint handleCancellation
WARNING: Unmatched cancel notification for request id 711
2025.07.27 18:03:46 INFO  Canceling debug proxy for [app.Main]
2025.07.27 18:03:46 INFO  Closing debug server tcp://0.0.0.0:63966
2025.07.27 18:03:46 INFO  Created report: Optional.empty
2025.07.27 18:03:46 INFO  Read data from io exception: java.net.SocketException: Socket closed (full report at: "C:\Users\Jayso\Projects_For_Github\pls\hello-world\.metals\.reports\bloop\2025-07-27\r_Read data from io ex..._18-03-46-482.md")
2025.07.27 18:03:51 WARN  2 deprecations (since 2.12.16)
2025.07.27 18:03:51 WARN  2 deprecations (since 20)
2025.07.27 18:03:51 WARN  2 deprecations (since R19)
2025.07.27 18:03:51 WARN  6 deprecations in total; re-run with -deprecation for details
2025.07.27 18:03:52 INFO  time: compiled hello-world in 51s
2025.07.27 18:03:57 INFO  Canceling debug proxy for [app.Main]
2025.07.27 18:03:57 INFO  Closing debug server tcp://0.0.0.0:63977
2025.07.27 18:10:33 INFO  empty definition using pc, found symbol in pc:  (full report at: "C:\Users\Jayso\Projects_For_Github\pls\hello-world\.metals\.reports\metals-full\2025-06-05\r_empty-definition_(hello-world)_12-10-26-734.md")
2025.07.27 18:10:35 INFO  compiling hello-world (1 scala source)
2025.07.27 18:11:00 WARN  2 deprecations (since 2.12.16)
2025.07.27 18:11:00 WARN  2 deprecations (since 20)
2025.07.27 18:11:00 WARN  2 deprecations (since R19)
2025.07.27 18:11:00 WARN  6 deprecations in total; re-run with -deprecation for details
2025.07.27 18:11:01 INFO  time: compiled hello-world in 26s
Jul 27, 2025 6:11:02 PM org.eclipse.lsp4j.jsonrpc.RemoteEndpoint handleCancellation
WARNING: Unmatched cancel notification for request id 768
Jul 27, 2025 6:11:02 PM org.eclipse.lsp4j.jsonrpc.RemoteEndpoint handleCancellation
WARNING: Unmatched cancel notification for request id 769
Jul 27, 2025 6:11:15 PM org.eclipse.lsp4j.jsonrpc.RemoteEndpoint handleCancellation
WARNING: Unmatched cancel notification for request id 794
Jul 27, 2025 6:11:15 PM org.eclipse.lsp4j.jsonrpc.RemoteEndpoint handleCancellation
WARNING: Unmatched cancel notification for request id 795
Jul 27, 2025 6:11:15 PM org.eclipse.lsp4j.jsonrpc.RemoteEndpoint handleCancellation
WARNING: Unmatched cancel notification for request id 796
Jul 27, 2025 6:11:15 PM org.eclipse.lsp4j.jsonrpc.RemoteEndpoint handleCancellation
WARNING: Unmatched cancel notification for request id 797
2025.07.28 18:05:48 INFO  empty definition using pc, found symbol in pc:  (full report at: "C:\Users\Jayso\Projects_For_Github\pls\hello-world\.metals\.reports\metals-full\2025-06-05\r_empty-definition_(hello-world)_12-10-26-734.md")
2025.07.28 18:05:51 INFO  compiling hello-world (1 scala source)
Jul 28, 2025 6:06:00 PM org.eclipse.lsp4j.jsonrpc.RemoteEndpoint handleCancellation
WARNING: Unmatched cancel notification for request id 959
Jul 28, 2025 6:06:00 PM org.eclipse.lsp4j.jsonrpc.RemoteEndpoint handleCancellation
WARNING: Unmatched cancel notification for request id 961
Jul 28, 2025 6:06:00 PM org.eclipse.lsp4j.jsonrpc.RemoteEndpoint handleCancellation
WARNING: Unmatched cancel notification for request id 962
2025.07.28 18:06:01 INFO  empty definition using pc, found symbol in pc:  (full report at: "C:\Users\Jayso\Projects_For_Github\pls\hello-world\.metals\.reports\metals-full\2025-06-05\r_empty-definition_(hello-world)_12-10-26-734.md")
2025.07.28 18:06:13 WARN  2 deprecations (since 2.12.16)
2025.07.28 18:06:13 WARN  2 deprecations (since 20)
2025.07.28 18:06:13 WARN  2 deprecations (since R19)
2025.07.28 18:06:13 WARN  6 deprecations in total; re-run with -deprecation for details
2025.07.28 18:06:15 INFO  time: compiled hello-world in 23s
Jul 28, 2025 6:07:09 PM org.eclipse.lsp4j.jsonrpc.RemoteEndpoint handleCancellation
WARNING: Unmatched cancel notification for request id 1040
Jul 28, 2025 6:07:09 PM org.eclipse.lsp4j.jsonrpc.RemoteEndpoint handleCancellation
WARNING: Unmatched cancel notification for request id 1041
Jul 28, 2025 6:07:16 PM org.eclipse.lsp4j.jsonrpc.RemoteEndpoint handleCancellation
WARNING: Unmatched cancel notification for request id 1051
Jul 28, 2025 6:07:16 PM org.eclipse.lsp4j.jsonrpc.RemoteEndpoint handleCancellation
WARNING: Unmatched cancel notification for request id 1052
2025.07.28 18:07:46 INFO  compiling hello-world (1 scala source)
2025.07.28 18:08:01 WARN  2 deprecations (since 2.12.16)
2025.07.28 18:08:01 WARN  2 deprecations (since 20)
2025.07.28 18:08:01 WARN  2 deprecations (since R19)
2025.07.28 18:08:01 WARN  6 deprecations in total; re-run with -deprecation for details
2025.07.28 18:08:02 INFO  time: compiled hello-world in 15s
2025.07.28 18:08:04 WARN  Could not load snapshot text for C:\Users\Jayso\Projects_For_Github\pls\hello-world\src\main\scala\app\Main.scala
2025.07.28 18:08:05 INFO  compiling hello-world (1 scala source)
2025.07.28 18:08:16 WARN  2 deprecations (since 2.12.16)
2025.07.28 18:08:16 WARN  2 deprecations (since 20)
2025.07.28 18:08:16 WARN  2 deprecations (since R19)
2025.07.28 18:08:16 WARN  6 deprecations in total; re-run with -deprecation for details
2025.07.28 18:08:16 INFO  time: compiled hello-world in 11s
Jul 28, 2025 6:09:03 PM org.eclipse.lsp4j.jsonrpc.RemoteEndpoint handleCancellation
WARNING: Unmatched cancel notification for request id 1246
2025.07.28 18:09:06 INFO  compiling hello-world (1 scala source)
2025.07.28 18:09:08 INFO  time: compiled hello-world in 1.99s
2025.07.28 18:09:19 INFO  compiling hello-world (1 scala source)
Jul 28, 2025 6:09:26 PM org.eclipse.lsp4j.jsonrpc.RemoteEndpoint handleCancellation
WARNING: Unmatched cancel notification for request id 1313
Jul 28, 2025 6:09:27 PM org.eclipse.lsp4j.jsonrpc.RemoteEndpoint handleCancellation
WARNING: Unmatched cancel notification for request id 1327
2025.07.28 18:09:28 WARN  2 deprecations (since 2.12.16)
2025.07.28 18:09:28 WARN  2 deprecations (since 20)
2025.07.28 18:09:28 WARN  2 deprecations (since R19)
2025.07.28 18:09:28 WARN  6 deprecations in total; re-run with -deprecation for details
2025.07.28 18:09:29 INFO  time: compiled hello-world in 9.45s
Jul 28, 2025 6:09:29 PM scala.meta.internal.pc.CompilerAccess retryWithCleanCompiler
INFO: compiler crashed due to an error in the Scala compiler, retrying with new compiler instance.
2025.07.28 18:09:29 INFO  compiling hello-world (1 scala source)
2025.07.28 18:09:30 WARN  Could not load snapshot text for C:\Users\Jayso\Projects_For_Github\pls\hello-world\src\main\scala\app\Main.scala
2025.07.28 18:09:32 WARN  Could not load snapshot text for C:\Users\Jayso\Projects_For_Github\pls\hello-world\src\main\scala\app\Main.scala
2025.07.28 18:09:32 INFO  time: compiled hello-world in 2.23s
2025.07.28 18:09:32 WARN  Could not load snapshot text for C:\Users\Jayso\Projects_For_Github\pls\hello-world\src\main\scala\app\Main.scala
2025.07.28 18:09:33 INFO  compiling hello-world (1 scala source)
2025.07.28 18:09:34 WARN  Could not load snapshot text for C:\Users\Jayso\Projects_For_Github\pls\hello-world\src\main\scala\app\Main.scala
2025.07.28 18:09:36 WARN  Could not load snapshot text for C:\Users\Jayso\Projects_For_Github\pls\hello-world\src\main\scala\app\Main.scala
2025.07.28 18:09:36 INFO  time: compiled hello-world in 3.11s
2025.07.28 18:09:36 WARN  Could not load snapshot text for C:\Users\Jayso\Projects_For_Github\pls\hello-world\src\main\scala\app\Main.scala
2025.07.28 18:09:36 INFO  compiling hello-world (1 scala source)
2025.07.28 18:09:37 WARN  Could not load snapshot text for C:\Users\Jayso\Projects_For_Github\pls\hello-world\src\main\scala\app\Main.scala
Jul 28, 2025 6:09:38 PM org.eclipse.lsp4j.jsonrpc.RemoteEndpoint handleCancellation
WARNING: Unmatched cancel notification for request id 1368
Jul 28, 2025 6:09:38 PM org.eclipse.lsp4j.jsonrpc.RemoteEndpoint handleCancellation
WARNING: Unmatched cancel notification for request id 1369
Jul 28, 2025 6:09:38 PM org.eclipse.lsp4j.jsonrpc.RemoteEndpoint handleCancellation
WARNING: Unmatched cancel notification for request id 1370
Jul 28, 2025 6:09:38 PM org.eclipse.lsp4j.jsonrpc.RemoteEndpoint handleCancellation
WARNING: Unmatched cancel notification for request id 1371
2025.07.28 18:09:38 WARN  Could not load snapshot text for C:\Users\Jayso\Projects_For_Github\pls\hello-world\src\main\scala\app\Main.scala
Jul 28, 2025 6:09:38 PM org.eclipse.lsp4j.jsonrpc.RemoteEndpoint handleCancellation
WARNING: Unmatched cancel notification for request id 1374
Jul 28, 2025 6:09:38 PM scala.meta.internal.pc.CompilerAccess retryWithCleanCompiler
INFO: compiler crashed due to an error in the Scala compiler, retrying with new compiler instance.
2025.07.28 18:09:39 INFO  time: compiled hello-world in 2.4s
2025.07.28 18:09:40 WARN  Could not load snapshot text for C:\Users\Jayso\Projects_For_Github\pls\hello-world\src\main\scala\app\Main.scala
2025.07.28 18:09:40 INFO  compiling hello-world (1 scala source)
2025.07.28 18:09:43 WARN  Could not load snapshot text for C:\Users\Jayso\Projects_For_Github\pls\hello-world\src\main\scala\app\Main.scala
2025.07.28 18:09:44 WARN  Could not load snapshot text for C:\Users\Jayso\Projects_For_Github\pls\hello-world\src\main\scala\app\Main.scala
2025.07.28 18:09:48 WARN  2 deprecations (since 2.12.16)
2025.07.28 18:09:48 WARN  2 deprecations (since 20)
2025.07.28 18:09:48 WARN  2 deprecations (since R19)
2025.07.28 18:09:48 WARN  6 deprecations in total; re-run with -deprecation for details
2025.07.28 18:09:48 INFO  time: compiled hello-world in 7.6s
2025.07.28 18:10:25 INFO  compiling hello-world (1 scala source)
2025.07.28 18:10:30 WARN  2 deprecations (since 2.12.16)
2025.07.28 18:10:30 WARN  2 deprecations (since 20)
2025.07.28 18:10:30 WARN  2 deprecations (since R19)
2025.07.28 18:10:30 WARN  6 deprecations in total; re-run with -deprecation for details
2025.07.28 18:10:30 INFO  time: compiled hello-world in 5.06s
2025.07.28 18:10:43 INFO  compiling hello-world (1 scala source)
2025.07.28 18:10:48 WARN  1 deprecation (since 2.11.0)
2025.07.28 18:10:48 WARN  2 deprecations (since 2.12.16)
2025.07.28 18:10:48 WARN  2 deprecations (since 20)
2025.07.28 18:10:48 WARN  2 deprecations (since R19)
2025.07.28 18:10:48 WARN  7 deprecations in total; re-run with -deprecation for details
2025.07.28 18:10:48 INFO  time: compiled hello-world in 5.33s
2025.07.28 18:10:49 WARN  Could not load snapshot text for C:\Users\Jayso\Projects_For_Github\pls\hello-world\src\main\scala\app\Main.scala
2025.07.28 18:12:40 WARN  Could not load snapshot text for C:\Users\Jayso\Projects_For_Github\pls\hello-world\src\main\scala\app\Main.scala
2025.07.28 18:12:41 WARN  Could not load snapshot text for C:\Users\Jayso\Projects_For_Github\pls\hello-world\src\main\scala\app\Main.scala
2025.07.28 18:13:40 WARN  Could not load snapshot text for C:\Users\Jayso\Projects_For_Github\pls\hello-world\src\main\scala\app\Main.scala
Jul 28, 2025 6:14:55 PM org.eclipse.lsp4j.jsonrpc.RemoteEndpoint handleCancellation
WARNING: Unmatched cancel notification for request id 1566
2025.07.28 18:15:13 WARN  Could not load snapshot text for C:\Users\Jayso\Projects_For_Github\pls\hello-world\src\main\scala\app\Main.scala
2025.07.28 18:15:13 WARN  Could not load snapshot text for C:\Users\Jayso\Projects_For_Github\pls\hello-world\src\main\scala\app\Main.scala
2025.07.28 18:15:14 WARN  Could not load snapshot text for C:\Users\Jayso\Projects_For_Github\pls\hello-world\src\main\scala\app\Main.scala
2025.07.28 18:15:14 WARN  Could not load snapshot text for C:\Users\Jayso\Projects_For_Github\pls\hello-world\src\main\scala\app\Main.scala
2025.07.28 18:15:15 WARN  Could not load snapshot text for C:\Users\Jayso\Projects_For_Github\pls\hello-world\src\main\scala\app\Main.scala
2025.07.28 18:15:15 WARN  Could not load snapshot text for C:\Users\Jayso\Projects_For_Github\pls\hello-world\src\main\scala\app\Main.scala
Jul 28, 2025 6:15:15 PM org.eclipse.lsp4j.jsonrpc.RemoteEndpoint handleCancellation
WARNING: Unmatched cancel notification for request id 1603
2025.07.28 18:15:15 WARN  Could not load snapshot text for C:\Users\Jayso\Projects_For_Github\pls\hello-world\src\main\scala\app\Main.scala
2025.07.28 18:15:15 WARN  Could not load snapshot text for C:\Users\Jayso\Projects_For_Github\pls\hello-world\src\main\scala\app\Main.scala
2025.07.28 18:15:15 WARN  Could not load snapshot text for C:\Users\Jayso\Projects_For_Github\pls\hello-world\src\main\scala\app\Main.scala
2025.07.28 18:15:15 WARN  Could not load snapshot text for C:\Users\Jayso\Projects_For_Github\pls\hello-world\src\main\scala\app\Main.scala
2025.07.28 18:15:15 WARN  Could not load snapshot text for C:\Users\Jayso\Projects_For_Github\pls\hello-world\src\main\scala\app\Main.scala
2025.07.28 18:15:16 INFO  empty definition using pc, found symbol in pc:  (full report at: "C:\Users\Jayso\Projects_For_Github\pls\hello-world\.metals\.reports\metals-full\2025-06-05\r_empty-definition_(hello-world)_12-10-26-734.md")
2025.07.28 18:15:17 WARN  Could not load snapshot text for C:\Users\Jayso\Projects_For_Github\pls\hello-world\src\main\scala\app\Main.scala
2025.07.28 18:15:17 WARN  Could not load snapshot text for C:\Users\Jayso\Projects_For_Github\pls\hello-world\src\main\scala\app\Main.scala
2025.07.28 18:15:17 WARN  Could not load snapshot text for C:\Users\Jayso\Projects_For_Github\pls\hello-world\src\main\scala\app\Main.scala
Exception in thread "pool-7-thread-1" java.lang.InterruptedException
	at scala.meta.internal.metals.FutureCancelToken.checkCanceled(FutureCancelToken.scala:29)
	at scala.meta.internal.pc.CompilerAccess.$anonfun$onCompilerJobQueue$1(CompilerAccess.scala:207)
	at scala.meta.internal.pc.CompilerJobQueue$Job.run(CompilerJobQueue.scala:152)
	at java.base/java.util.concurrent.ThreadPoolExecutor.runWorker(ThreadPoolExecutor.java:1144)
	at java.base/java.util.concurrent.ThreadPoolExecutor$Worker.run(ThreadPoolExecutor.java:642)
	at java.base/java.lang.Thread.run(Thread.java:1583)
2025.07.28 18:15:17 WARN  Could not load snapshot text for C:\Users\Jayso\Projects_For_Github\pls\hello-world\src\main\scala\app\Main.scala
2025.07.28 18:15:17 WARN  Could not load snapshot text for C:\Users\Jayso\Projects_For_Github\pls\hello-world\src\main\scala\app\Main.scala
2025.07.28 18:15:17 INFO  empty definition using pc, found symbol in pc:  (full report at: "C:\Users\Jayso\Projects_For_Github\pls\hello-world\.metals\.reports\metals-full\2025-06-05\r_empty-definition_(hello-world)_12-10-26-734.md")
2025.07.28 18:15:18 WARN  Could not load snapshot text for C:\Users\Jayso\Projects_For_Github\pls\hello-world\src\main\scala\app\Main.scala
2025.07.28 18:15:17 WARN  Could not load snapshot text for C:\Users\Jayso\Projects_For_Github\pls\hello-world\src\main\scala\app\Main.scala
2025.07.28 18:15:18 WARN  Could not load snapshot text for C:\Users\Jayso\Projects_For_Github\pls\hello-world\src\main\scala\app\Main.scala
2025.07.28 18:15:18 INFO  empty definition using pc, found symbol in pc:  (full report at: "C:\Users\Jayso\Projects_For_Github\pls\hello-world\.metals\.reports\metals-full\2025-06-05\r_empty-definition_(hello-world)_12-10-26-734.md")
2025.07.28 18:15:20 WARN  Could not load snapshot text for C:\Users\Jayso\Projects_For_Github\pls\hello-world\src\main\scala\app\Main.scala
2025.07.28 18:15:20 WARN  Could not load snapshot text for C:\Users\Jayso\Projects_For_Github\pls\hello-world\src\main\scala\app\Main.scala
2025.07.28 18:15:21 WARN  Could not load snapshot text for C:\Users\Jayso\Projects_For_Github\pls\hello-world\src\main\scala\app\Main.scala
Jul 28, 2025 6:15:21 PM org.eclipse.lsp4j.jsonrpc.RemoteEndpoint handleCancellation
WARNING: Unmatched cancel notification for request id 1661
2025.07.28 18:15:22 WARN  Could not load snapshot text for C:\Users\Jayso\Projects_For_Github\pls\hello-world\src\main\scala\app\Main.scala
Jul 28, 2025 6:15:22 PM org.eclipse.lsp4j.jsonrpc.RemoteEndpoint handleCancellation
WARNING: Unmatched cancel notification for request id 1671
2025.07.28 18:15:23 WARN  Could not load snapshot text for C:\Users\Jayso\Projects_For_Github\pls\hello-world\src\main\scala\app\Main.scala
2025.07.28 18:15:24 WARN  Could not load snapshot text for C:\Users\Jayso\Projects_For_Github\pls\hello-world\src\main\scala\app\Main.scala
2025.07.28 18:15:24 WARN  Could not load snapshot text for C:\Users\Jayso\Projects_For_Github\pls\hello-world\src\main\scala\app\Main.scala
2025.07.28 18:15:25 WARN  Could not load snapshot text for C:\Users\Jayso\Projects_For_Github\pls\hello-world\src\main\scala\app\Main.scala
2025.07.28 18:15:26 WARN  Could not load snapshot text for C:\Users\Jayso\Projects_For_Github\pls\hello-world\src\main\scala\app\Main.scala
2025.07.28 18:15:26 INFO  compiling hello-world (1 scala source)
Jul 28, 2025 6:15:27 PM org.eclipse.lsp4j.jsonrpc.RemoteEndpoint handleCancellation
WARNING: Unmatched cancel notification for request id 1707
2025.07.28 18:15:27 WARN  Could not load snapshot text for C:\Users\Jayso\Projects_For_Github\pls\hello-world\src\main\scala\app\Main.scala
Jul 28, 2025 6:15:28 PM org.eclipse.lsp4j.jsonrpc.RemoteEndpoint handleCancellation
WARNING: Unmatched cancel notification for request id 1716
Jul 28, 2025 6:15:34 PM org.eclipse.lsp4j.jsonrpc.RemoteEndpoint handleCancellation
WARNING: Unmatched cancel notification for request id 1723
Jul 28, 2025 6:15:34 PM org.eclipse.lsp4j.jsonrpc.RemoteEndpoint handleCancellation
WARNING: Unmatched cancel notification for request id 1724
Jul 28, 2025 6:15:34 PM org.eclipse.lsp4j.jsonrpc.RemoteEndpoint handleCancellation
WARNING: Unmatched cancel notification for request id 1725
Jul 28, 2025 6:15:34 PM org.eclipse.lsp4j.jsonrpc.RemoteEndpoint handleCancellation
WARNING: Unmatched cancel notification for request id 1726
Jul 28, 2025 6:15:34 PM org.eclipse.lsp4j.jsonrpc.RemoteEndpoint handleCancellation
WARNING: Unmatched cancel notification for request id 1727
Jul 28, 2025 6:15:40 PM org.eclipse.lsp4j.jsonrpc.RemoteEndpoint handleCancellation
WARNING: Unmatched cancel notification for request id 1769
2025.07.28 18:15:41 WARN  2 deprecations (since 2.12.16)
2025.07.28 18:15:41 WARN  2 deprecations (since 20)
2025.07.28 18:15:41 WARN  2 deprecations (since R19)
2025.07.28 18:15:41 WARN  6 deprecations in total; re-run with -deprecation for details
Jul 28, 2025 6:15:42 PM org.eclipse.lsp4j.jsonrpc.RemoteEndpoint handleCancellation
WARNING: Unmatched cancel notification for request id 1788
2025.07.28 18:15:43 INFO  time: compiled hello-world in 16s
2025.07.28 18:15:53 INFO  compiling hello-world (1 scala source)
2025.07.28 18:15:55 INFO  time: compiled hello-world in 2.03s
2025.07.28 18:15:55 INFO  compiling hello-world (1 scala source)
Jul 28, 2025 6:16:00 PM org.eclipse.lsp4j.jsonrpc.RemoteEndpoint handleCancellation
WARNING: Unmatched cancel notification for request id 1842
Jul 28, 2025 6:16:00 PM org.eclipse.lsp4j.jsonrpc.RemoteEndpoint handleCancellation
WARNING: Unmatched cancel notification for request id 1843
Jul 28, 2025 6:16:00 PM org.eclipse.lsp4j.jsonrpc.RemoteEndpoint handleCancellation
WARNING: Unmatched cancel notification for request id 1844
2025.07.28 18:16:08 WARN  2 deprecations (since 2.12.16)
2025.07.28 18:16:08 WARN  2 deprecations (since 20)
2025.07.28 18:16:08 WARN  2 deprecations (since R19)
2025.07.28 18:16:08 WARN  6 deprecations in total; re-run with -deprecation for details
2025.07.28 18:16:08 INFO  time: compiled hello-world in 13s
2025.07.28 18:17:02 INFO  tracing is disabled for protocol dap-server, to enable tracing of incoming and outgoing JSON messages create an empty file at C:\Users\Jayso\Projects_For_Github\pls\hello-world\.metals\dap-server.trace.json or C:\Users\Jayso\AppData\Local\scalameta\metals\cache\dap-server.trace.json
2025.07.28 18:17:02 INFO  tracing is disabled for protocol dap-client, to enable tracing of incoming and outgoing JSON messages create an empty file at C:\Users\Jayso\Projects_For_Github\pls\hello-world\.metals\dap-client.trace.json or C:\Users\Jayso\AppData\Local\scalameta\metals\cache\dap-client.trace.json
2025.07.28 18:17:02 INFO  Starting debug proxy for [app.Main]
2025.07.28 18:17:02 INFO  Loaded expression compiler in 6 milliseconds
2025.07.28 18:17:09 INFO  Loaded all sources and classes in 7 seconds
2025.07.28 18:17:09 INFO  Initialized Scala 3 decoder in 1 millisecond
2025.07.28 18:17:09 INFO  Trying to attach to remote debuggee VM kubernetes.docker.internal:50180 .
2025.07.28 18:17:09 INFO  Attaching to debuggee VM succeeded.
2025.07.28 18:18:04 INFO  compiling hello-world (1 scala source)
2025.07.28 18:18:10 WARN  2 deprecations (since 2.12.16)
2025.07.28 18:18:10 WARN  2 deprecations (since 20)
2025.07.28 18:18:10 WARN  2 deprecations (since R19)
2025.07.28 18:18:10 WARN  6 deprecations in total; re-run with -deprecation for details
2025.07.28 18:18:10 INFO  time: compiled hello-world in 6.54s
2025.07.28 18:18:11 INFO  Canceling debug proxy for [app.Main]
2025.07.28 18:18:11 INFO  Closing debug server tcp://0.0.0.0:50178
2025.07.28 18:18:22 INFO  tracing is disabled for protocol dap-server, to enable tracing of incoming and outgoing JSON messages create an empty file at C:\Users\Jayso\Projects_For_Github\pls\hello-world\.metals\dap-server.trace.json or C:\Users\Jayso\AppData\Local\scalameta\metals\cache\dap-server.trace.json
2025.07.28 18:18:22 INFO  tracing is disabled for protocol dap-client, to enable tracing of incoming and outgoing JSON messages create an empty file at C:\Users\Jayso\Projects_For_Github\pls\hello-world\.metals\dap-client.trace.json or C:\Users\Jayso\AppData\Local\scalameta\metals\cache\dap-client.trace.json
2025.07.28 18:18:23 INFO  Starting debug proxy for [app.Main]
2025.07.28 18:18:23 INFO  Loaded expression compiler in 2 milliseconds
2025.07.28 18:18:27 INFO  Loaded all sources and classes in 4 seconds
2025.07.28 18:18:27 INFO  Initialized Scala 3 decoder in 1 millisecond
2025.07.28 18:18:27 INFO  Trying to attach to remote debuggee VM kubernetes.docker.internal:50229 .
2025.07.28 18:18:27 INFO  Attaching to debuggee VM succeeded.
Jul 28, 2025 6:50:23 PM org.eclipse.lsp4j.jsonrpc.RemoteEndpoint handleCancellation
WARNING: Unmatched cancel notification for request id 2048
Jul 28, 2025 6:50:23 PM org.eclipse.lsp4j.jsonrpc.RemoteEndpoint handleCancellation
WARNING: Unmatched cancel notification for request id 2051
2025.07.28 18:50:26 INFO  compiling hello-world (1 scala source)
2025.07.28 18:50:34 WARN  2 deprecations (since 2.12.16)
2025.07.28 18:50:34 WARN  2 deprecations (since 20)
2025.07.28 18:50:34 WARN  2 deprecations (since R19)
2025.07.28 18:50:34 WARN  6 deprecations in total; re-run with -deprecation for details
2025.07.28 18:50:34 INFO  time: compiled hello-world in 8.39s
2025.07.28 18:50:45 INFO  Canceling debug proxy for [app.Main]
2025.07.28 18:50:45 INFO  Closing debug server tcp://0.0.0.0:50227
2025.07.28 18:50:53 INFO  tracing is disabled for protocol dap-server, to enable tracing of incoming and outgoing JSON messages create an empty file at C:\Users\Jayso\Projects_For_Github\pls\hello-world\.metals\dap-server.trace.json or C:\Users\Jayso\AppData\Local\scalameta\metals\cache\dap-server.trace.json
2025.07.28 18:50:53 INFO  tracing is disabled for protocol dap-client, to enable tracing of incoming and outgoing JSON messages create an empty file at C:\Users\Jayso\Projects_For_Github\pls\hello-world\.metals\dap-client.trace.json or C:\Users\Jayso\AppData\Local\scalameta\metals\cache\dap-client.trace.json
2025.07.28 18:50:53 INFO  Starting debug proxy for [app.Main]
2025.07.28 18:50:53 INFO  Loaded expression compiler in 1 millisecond
2025.07.28 18:50:56 INFO  Loaded all sources and classes in 3 seconds
2025.07.28 18:50:56 INFO  Initialized Scala 3 decoder in 0 milliseconds
2025.07.28 18:50:56 INFO  Trying to attach to remote debuggee VM kubernetes.docker.internal:51127 .
2025.07.28 18:50:56 INFO  Attaching to debuggee VM succeeded.
Jul 28, 2025 6:51:22 PM org.eclipse.lsp4j.jsonrpc.RemoteEndpoint handleCancellation
WARNING: Unmatched cancel notification for request id 2097
Jul 28, 2025 6:53:39 PM org.eclipse.lsp4j.jsonrpc.RemoteEndpoint handleCancellation
WARNING: Unmatched cancel notification for request id 2161
Jul 28, 2025 6:53:39 PM org.eclipse.lsp4j.jsonrpc.RemoteEndpoint handleCancellation
WARNING: Unmatched cancel notification for request id 2162
Jul 28, 2025 6:53:39 PM org.eclipse.lsp4j.jsonrpc.RemoteEndpoint handleCancellation
WARNING: Unmatched cancel notification for request id 2163
2025.07.28 18:56:26 INFO  compiling hello-world (1 scala source)
2025.07.28 18:56:28 INFO  Canceling debug proxy for [app.Main]
2025.07.28 18:56:28 INFO  Closing debug server tcp://0.0.0.0:51125
2025.07.28 18:56:36 WARN  2 deprecations (since 2.12.16)
2025.07.28 18:56:36 WARN  2 deprecations (since 20)
2025.07.28 18:56:36 WARN  2 deprecations (since R19)
2025.07.28 18:56:36 WARN  6 deprecations in total; re-run with -deprecation for details
2025.07.28 18:56:36 INFO  time: compiled hello-world in 11s
2025.07.28 18:56:41 INFO  tracing is disabled for protocol dap-server, to enable tracing of incoming and outgoing JSON messages create an empty file at C:\Users\Jayso\Projects_For_Github\pls\hello-world\.metals\dap-server.trace.json or C:\Users\Jayso\AppData\Local\scalameta\metals\cache\dap-server.trace.json
2025.07.28 18:56:41 INFO  tracing is disabled for protocol dap-client, to enable tracing of incoming and outgoing JSON messages create an empty file at C:\Users\Jayso\Projects_For_Github\pls\hello-world\.metals\dap-client.trace.json or C:\Users\Jayso\AppData\Local\scalameta\metals\cache\dap-client.trace.json
2025.07.28 18:56:41 INFO  Starting debug proxy for [app.Main]
2025.07.28 18:56:41 INFO  Loaded expression compiler in 2 milliseconds
2025.07.28 18:56:49 INFO  Loaded all sources and classes in 7 seconds
2025.07.28 18:56:49 INFO  Initialized Scala 3 decoder in 0 milliseconds
2025.07.28 18:56:49 INFO  Trying to attach to remote debuggee VM kubernetes.docker.internal:51324 .
2025.07.28 18:56:49 INFO  Attaching to debuggee VM succeeded.
2025.07.28 19:00:56 INFO  Closing debug server tcp://0.0.0.0:51322
2025.07.28 19:00:56 INFO  Canceling debug proxy for [app.Main]
Jul 28, 2025 7:01:08 PM org.eclipse.lsp4j.jsonrpc.RemoteEndpoint handleCancellation
WARNING: Unmatched cancel notification for request id 2305
Jul 28, 2025 7:01:15 PM org.eclipse.lsp4j.jsonrpc.RemoteEndpoint handleCancellation
WARNING: Unmatched cancel notification for request id 2321
Jul 28, 2025 7:01:15 PM org.eclipse.lsp4j.jsonrpc.RemoteEndpoint handleCancellation
WARNING: Unmatched cancel notification for request id 2322
Jul 28, 2025 7:01:15 PM org.eclipse.lsp4j.jsonrpc.RemoteEndpoint handleCancellation
WARNING: Unmatched cancel notification for request id 2323
Jul 28, 2025 7:01:15 PM org.eclipse.lsp4j.jsonrpc.RemoteEndpoint handleCancellation
WARNING: Unmatched cancel notification for request id 2324
Jul 28, 2025 7:01:15 PM org.eclipse.lsp4j.jsonrpc.RemoteEndpoint handleCancellation
WARNING: Unmatched cancel notification for request id 2325
Jul 28, 2025 7:01:15 PM org.eclipse.lsp4j.jsonrpc.RemoteEndpoint handleCancellation
WARNING: Unmatched cancel notification for request id 2326
Jul 28, 2025 7:01:35 PM org.eclipse.lsp4j.jsonrpc.RemoteEndpoint handleCancellation
WARNING: Unmatched cancel notification for request id 2400
Jul 28, 2025 7:01:35 PM org.eclipse.lsp4j.jsonrpc.RemoteEndpoint handleCancellation
WARNING: Unmatched cancel notification for request id 2401
2025.07.28 19:01:36 INFO  compiling hello-world (1 scala source)
2025.07.28 19:01:50 WARN  2 deprecations (since 2.12.16)
2025.07.28 19:01:50 WARN  2 deprecations (since 20)
2025.07.28 19:01:50 WARN  2 deprecations (since R19)
2025.07.28 19:01:50 WARN  6 deprecations in total; re-run with -deprecation for details
2025.07.28 19:01:50 INFO  time: compiled hello-world in 14s
Jul 28, 2025 7:07:58 PM org.eclipse.lsp4j.jsonrpc.RemoteEndpoint handleCancellation
WARNING: Unmatched cancel notification for request id 2432
Jul 28, 2025 7:07:58 PM org.eclipse.lsp4j.jsonrpc.RemoteEndpoint handleCancellation
WARNING: Unmatched cancel notification for request id 2433
2025.07.28 19:08:05 INFO  compiling hello-world (1 scala source)
2025.07.28 19:08:17 WARN  2 deprecations (since 2.12.16)
2025.07.28 19:08:17 WARN  2 deprecations (since 20)
2025.07.28 19:08:17 WARN  2 deprecations (since R19)
2025.07.28 19:08:17 WARN  6 deprecations in total; re-run with -deprecation for details
2025.07.28 19:08:17 INFO  time: compiled hello-world in 12s
Jul 28, 2025 7:08:28 PM org.eclipse.lsp4j.jsonrpc.RemoteEndpoint handleCancellation
WARNING: Unmatched cancel notification for request id 2507
Jul 28, 2025 7:08:30 PM org.eclipse.lsp4j.jsonrpc.RemoteEndpoint handleCancellation
WARNING: Unmatched cancel notification for request id 2527
2025.07.28 19:08:31 INFO  compiling hello-world (1 scala source)
2025.07.28 19:08:41 WARN  2 deprecations (since 2.12.16)
2025.07.28 19:08:41 WARN  2 deprecations (since 20)
2025.07.28 19:08:41 WARN  2 deprecations (since R19)
2025.07.28 19:08:41 WARN  6 deprecations in total; re-run with -deprecation for details
2025.07.28 19:08:42 INFO  time: compiled hello-world in 11s
2025.07.28 19:09:07 INFO  compiling hello-world (1 scala source)
2025.07.28 19:09:12 WARN  2 deprecations (since 2.12.16)
2025.07.28 19:09:12 WARN  2 deprecations (since 20)
2025.07.28 19:09:12 WARN  2 deprecations (since R19)
2025.07.28 19:09:12 WARN  6 deprecations in total; re-run with -deprecation for details
2025.07.28 19:09:12 INFO  time: compiled hello-world in 5.33s
2025.07.28 19:09:35 INFO  tracing is disabled for protocol dap-server, to enable tracing of incoming and outgoing JSON messages create an empty file at C:\Users\Jayso\Projects_For_Github\pls\hello-world\.metals\dap-server.trace.json or C:\Users\Jayso\AppData\Local\scalameta\metals\cache\dap-server.trace.json
2025.07.28 19:09:35 INFO  tracing is disabled for protocol dap-client, to enable tracing of incoming and outgoing JSON messages create an empty file at C:\Users\Jayso\Projects_For_Github\pls\hello-world\.metals\dap-client.trace.json or C:\Users\Jayso\AppData\Local\scalameta\metals\cache\dap-client.trace.json
2025.07.28 19:09:35 INFO  Starting debug proxy for [app.Main]
2025.07.28 19:09:35 INFO  Loaded expression compiler in 4 milliseconds
2025.07.28 19:09:40 INFO  Loaded all sources and classes in 4 seconds
2025.07.28 19:09:40 INFO  Initialized Scala 3 decoder in 1 millisecond
2025.07.28 19:09:40 INFO  Trying to attach to remote debuggee VM kubernetes.docker.internal:51847 .
2025.07.28 19:09:40 INFO  Attaching to debuggee VM succeeded.
Jul 28, 2025 7:28:37 PM org.eclipse.lsp4j.jsonrpc.RemoteEndpoint handleCancellation
WARNING: Unmatched cancel notification for request id 2593
Jul 28, 2025 7:28:37 PM org.eclipse.lsp4j.jsonrpc.RemoteEndpoint handleCancellation
WARNING: Unmatched cancel notification for request id 2594
Jul 28, 2025 7:28:37 PM org.eclipse.lsp4j.jsonrpc.RemoteEndpoint handleCancellation
WARNING: Unmatched cancel notification for request id 2595
Jul 28, 2025 7:28:37 PM org.eclipse.lsp4j.jsonrpc.RemoteEndpoint handleCancellation
WARNING: Unmatched cancel notification for request id 2596
2025.07.28 19:28:41 INFO  compiling hello-world (1 scala source)
2025.07.28 19:28:44 INFO  Canceling debug proxy for [app.Main]
2025.07.28 19:28:44 INFO  Closing debug server tcp://0.0.0.0:51845
2025.07.28 19:29:02 WARN  2 deprecations (since 2.12.16)
2025.07.28 19:29:02 WARN  2 deprecations (since 20)
2025.07.28 19:29:02 WARN  2 deprecations (since R19)
2025.07.28 19:29:02 WARN  6 deprecations in total; re-run with -deprecation for details
2025.07.28 19:29:03 INFO  time: compiled hello-world in 22s
2025.07.28 19:29:39 INFO  compiling hello-world (1 scala source)
2025.07.28 19:29:41 WARN  Could not load snapshot text for C:\Users\Jayso\Projects_For_Github\pls\hello-world\src\main\scala\app\Main.scala
2025.07.28 19:29:42 WARN  Could not load snapshot text for C:\Users\Jayso\Projects_For_Github\pls\hello-world\src\main\scala\app\Main.scala
2025.07.28 19:29:48 WARN  2 deprecations (since 2.12.16)
2025.07.28 19:29:48 WARN  2 deprecations (since 20)
2025.07.28 19:29:48 WARN  2 deprecations (since R19)
2025.07.28 19:29:48 WARN  6 deprecations in total; re-run with -deprecation for details
2025.07.28 19:29:48 INFO  time: compiled hello-world in 8.97s
2025.07.28 19:29:51 INFO  tracing is disabled for protocol dap-server, to enable tracing of incoming and outgoing JSON messages create an empty file at C:\Users\Jayso\Projects_For_Github\pls\hello-world\.metals\dap-server.trace.json or C:\Users\Jayso\AppData\Local\scalameta\metals\cache\dap-server.trace.json
2025.07.28 19:29:51 INFO  tracing is disabled for protocol dap-client, to enable tracing of incoming and outgoing JSON messages create an empty file at C:\Users\Jayso\Projects_For_Github\pls\hello-world\.metals\dap-client.trace.json or C:\Users\Jayso\AppData\Local\scalameta\metals\cache\dap-client.trace.json
2025.07.28 19:29:51 INFO  Starting debug proxy for [app.Main]
2025.07.28 19:29:51 INFO  Loaded expression compiler in 5 milliseconds
2025.07.28 19:30:00 INFO  Loaded all sources and classes in 8 seconds
2025.07.28 19:30:00 INFO  Initialized Scala 3 decoder in 1 millisecond
2025.07.28 19:30:00 INFO  Trying to attach to remote debuggee VM kubernetes.docker.internal:52428 .
2025.07.28 19:30:00 INFO  Attaching to debuggee VM succeeded.
Jul 28, 2025 7:35:01 PM org.eclipse.lsp4j.jsonrpc.RemoteEndpoint handleCancellation
WARNING: Unmatched cancel notification for request id 2734
2025.07.28 19:35:54 INFO  compiling hello-world (1 scala source)
Jul 28, 2025 7:35:58 PM org.eclipse.lsp4j.jsonrpc.RemoteEndpoint handleCancellation
WARNING: Unmatched cancel notification for request id 2769
Jul 28, 2025 7:36:00 PM org.eclipse.lsp4j.jsonrpc.RemoteEndpoint handleCancellation
WARNING: Unmatched cancel notification for request id 2777
2025.07.28 19:36:13 WARN  2 deprecations (since 2.12.16)
2025.07.28 19:36:13 WARN  2 deprecations (since 20)
2025.07.28 19:36:13 WARN  2 deprecations (since R19)
2025.07.28 19:36:13 WARN  6 deprecations in total; re-run with -deprecation for details
2025.07.28 19:36:14 INFO  time: compiled hello-world in 20s
2025.07.28 19:36:17 INFO  compiling hello-world (1 scala source)
2025.07.28 19:36:18 INFO  Canceling debug proxy for [app.Main]
2025.07.28 19:36:17 INFO  Closing debug server tcp://0.0.0.0:52425
2025.07.28 19:36:26 WARN  2 deprecations (since 2.12.16)
2025.07.28 19:36:26 WARN  2 deprecations (since 20)
2025.07.28 19:36:26 WARN  2 deprecations (since R19)
2025.07.28 19:36:26 WARN  6 deprecations in total; re-run with -deprecation for details
2025.07.28 19:36:28 INFO  time: compiled hello-world in 10s
Jul 28, 2025 7:41:36 PM org.eclipse.lsp4j.jsonrpc.RemoteEndpoint handleCancellation
WARNING: Unmatched cancel notification for request id 2814
Jul 28, 2025 7:41:36 PM org.eclipse.lsp4j.jsonrpc.RemoteEndpoint handleCancellation
WARNING: Unmatched cancel notification for request id 2815
2025.07.28 19:42:42 INFO  tracing is disabled for protocol dap-server, to enable tracing of incoming and outgoing JSON messages create an empty file at C:\Users\Jayso\Projects_For_Github\pls\hello-world\.metals\dap-server.trace.json or C:\Users\Jayso\AppData\Local\scalameta\metals\cache\dap-server.trace.json
2025.07.28 19:42:42 INFO  tracing is disabled for protocol dap-client, to enable tracing of incoming and outgoing JSON messages create an empty file at C:\Users\Jayso\Projects_For_Github\pls\hello-world\.metals\dap-client.trace.json or C:\Users\Jayso\AppData\Local\scalameta\metals\cache\dap-client.trace.json
2025.07.28 19:42:42 INFO  Starting debug proxy for [app.Main]
2025.07.28 19:42:42 INFO  Loaded expression compiler in 4 milliseconds
2025.07.28 19:42:50 INFO  Loaded all sources and classes in 7 seconds
2025.07.28 19:42:50 INFO  Initialized Scala 3 decoder in 15 milliseconds
2025.07.28 19:42:50 INFO  Trying to attach to remote debuggee VM kubernetes.docker.internal:52785 .
2025.07.28 19:42:50 INFO  Attaching to debuggee VM succeeded.
Jul 28, 2025 7:59:21 PM org.eclipse.lsp4j.jsonrpc.RemoteEndpoint handleCancellation
WARNING: Unmatched cancel notification for request id 2830
2025.07.28 19:59:54 INFO  compiling hello-world (1 scala source)
Jul 28, 2025 7:59:59 PM org.eclipse.lsp4j.jsonrpc.RemoteEndpoint handleCancellation
WARNING: Unmatched cancel notification for request id 2894
Jul 28, 2025 8:00:00 PM org.eclipse.lsp4j.jsonrpc.RemoteEndpoint handleCancellation
WARNING: Unmatched cancel notification for request id 2899
Jul 28, 2025 8:00:01 PM org.eclipse.lsp4j.jsonrpc.RemoteEndpoint handleCancellation
WARNING: Unmatched cancel notification for request id 2898
Jul 28, 2025 8:00:01 PM org.eclipse.lsp4j.jsonrpc.RemoteEndpoint handleCancellation
WARNING: Unmatched cancel notification for request id 2902
Jul 28, 2025 8:00:03 PM org.eclipse.lsp4j.jsonrpc.RemoteEndpoint handleCancellation
WARNING: Unmatched cancel notification for request id 2900
Jul 28, 2025 8:00:03 PM org.eclipse.lsp4j.jsonrpc.RemoteEndpoint handleCancellation
WARNING: Unmatched cancel notification for request id 2901
Jul 28, 2025 8:00:04 PM org.eclipse.lsp4j.jsonrpc.RemoteEndpoint handleCancellation
WARNING: Unmatched cancel notification for request id 2904
Jul 28, 2025 8:00:05 PM org.eclipse.lsp4j.jsonrpc.RemoteEndpoint handleCancellation
WARNING: Unmatched cancel notification for request id 2907
Jul 28, 2025 8:00:05 PM org.eclipse.lsp4j.jsonrpc.RemoteEndpoint handleCancellation
WARNING: Unmatched cancel notification for request id 2909
Jul 28, 2025 8:00:05 PM org.eclipse.lsp4j.jsonrpc.RemoteEndpoint handleCancellation
WARNING: Unmatched cancel notification for request id 2910
Jul 28, 2025 8:00:06 PM org.eclipse.lsp4j.jsonrpc.RemoteEndpoint handleCancellation
WARNING: Unmatched cancel notification for request id 2917
Jul 28, 2025 8:00:06 PM org.eclipse.lsp4j.jsonrpc.RemoteEndpoint handleCancellation
WARNING: Unmatched cancel notification for request id 2918
Jul 28, 2025 8:00:06 PM org.eclipse.lsp4j.jsonrpc.RemoteEndpoint handleCancellation
WARNING: Unmatched cancel notification for request id 2924
Jul 28, 2025 8:00:06 PM org.eclipse.lsp4j.jsonrpc.RemoteEndpoint handleCancellation
WARNING: Unmatched cancel notification for request id 2925
Jul 28, 2025 8:00:06 PM org.eclipse.lsp4j.jsonrpc.RemoteEndpoint handleCancellation
WARNING: Unmatched cancel notification for request id 2926
Jul 28, 2025 8:00:06 PM org.eclipse.lsp4j.jsonrpc.RemoteEndpoint handleCancellation
WARNING: Unmatched cancel notification for request id 2928
Jul 28, 2025 8:00:06 PM org.eclipse.lsp4j.jsonrpc.RemoteEndpoint handleCancellation
WARNING: Unmatched cancel notification for request id 2932
Jul 28, 2025 8:00:06 PM org.eclipse.lsp4j.jsonrpc.RemoteEndpoint handleCancellation
WARNING: Unmatched cancel notification for request id 2935
Jul 28, 2025 8:00:07 PM org.eclipse.lsp4j.jsonrpc.RemoteEndpoint handleCancellation
WARNING: Unmatched cancel notification for request id 2936
Jul 28, 2025 8:00:07 PM org.eclipse.lsp4j.jsonrpc.RemoteEndpoint handleCancellation
WARNING: Unmatched cancel notification for request id 2940
Jul 28, 2025 8:00:07 PM org.eclipse.lsp4j.jsonrpc.RemoteEndpoint handleCancellation
WARNING: Unmatched cancel notification for request id 2941
Jul 28, 2025 8:00:07 PM org.eclipse.lsp4j.jsonrpc.RemoteEndpoint handleCancellation
WARNING: Unmatched cancel notification for request id 2944
Jul 28, 2025 8:00:08 PM org.eclipse.lsp4j.jsonrpc.RemoteEndpoint handleCancellation
WARNING: Unmatched cancel notification for request id 2945
Jul 28, 2025 8:00:08 PM org.eclipse.lsp4j.jsonrpc.RemoteEndpoint handleCancellation
WARNING: Unmatched cancel notification for request id 2948
Jul 28, 2025 8:00:08 PM org.eclipse.lsp4j.jsonrpc.RemoteEndpoint handleCancellation
WARNING: Unmatched cancel notification for request id 2947
Jul 28, 2025 8:00:08 PM org.eclipse.lsp4j.jsonrpc.RemoteEndpoint handleCancellation
WARNING: Unmatched cancel notification for request id 2943
Jul 28, 2025 8:00:08 PM org.eclipse.lsp4j.jsonrpc.RemoteEndpoint handleCancellation
WARNING: Unmatched cancel notification for request id 2950
Jul 28, 2025 8:00:09 PM org.eclipse.lsp4j.jsonrpc.RemoteEndpoint handleCancellation
WARNING: Unmatched cancel notification for request id 2949
Jul 28, 2025 8:00:09 PM org.eclipse.lsp4j.jsonrpc.RemoteEndpoint handleCancellation
WARNING: Unmatched cancel notification for request id 2937
Jul 28, 2025 8:00:09 PM org.eclipse.lsp4j.jsonrpc.RemoteEndpoint handleCancellation
WARNING: Unmatched cancel notification for request id 2965
Jul 28, 2025 8:00:09 PM org.eclipse.lsp4j.jsonrpc.RemoteEndpoint handleCancellation
WARNING: Unmatched cancel notification for request id 2975
Jul 28, 2025 8:00:10 PM org.eclipse.lsp4j.jsonrpc.RemoteEndpoint handleCancellation
WARNING: Unmatched cancel notification for request id 2957
Jul 28, 2025 8:00:10 PM org.eclipse.lsp4j.jsonrpc.RemoteEndpoint handleCancellation
WARNING: Unmatched cancel notification for request id 2960
Jul 28, 2025 8:00:10 PM org.eclipse.lsp4j.jsonrpc.RemoteEndpoint handleCancellation
WARNING: Unmatched cancel notification for request id 2958
Jul 28, 2025 8:00:10 PM org.eclipse.lsp4j.jsonrpc.RemoteEndpoint handleCancellation
WARNING: Unmatched cancel notification for request id 2969
Jul 28, 2025 8:00:11 PM org.eclipse.lsp4j.jsonrpc.RemoteEndpoint handleCancellation
WARNING: Unmatched cancel notification for request id 2983
Jul 28, 2025 8:00:11 PM org.eclipse.lsp4j.jsonrpc.RemoteEndpoint handleCancellation
WARNING: Unmatched cancel notification for request id 2989
Jul 28, 2025 8:00:12 PM org.eclipse.lsp4j.jsonrpc.RemoteEndpoint handleCancellation
WARNING: Unmatched cancel notification for request id 2982
Jul 28, 2025 8:00:12 PM org.eclipse.lsp4j.jsonrpc.RemoteEndpoint handleCancellation
WARNING: Unmatched cancel notification for request id 2979
Jul 28, 2025 8:00:12 PM org.eclipse.lsp4j.jsonrpc.RemoteEndpoint handleCancellation
WARNING: Unmatched cancel notification for request id 2984
Jul 28, 2025 8:00:12 PM org.eclipse.lsp4j.jsonrpc.RemoteEndpoint handleCancellation
WARNING: Unmatched cancel notification for request id 2999
Jul 28, 2025 8:00:12 PM org.eclipse.lsp4j.jsonrpc.RemoteEndpoint handleCancellation
WARNING: Unmatched cancel notification for request id 2993
Jul 28, 2025 8:00:12 PM org.eclipse.lsp4j.jsonrpc.RemoteEndpoint handleCancellation
WARNING: Unmatched cancel notification for request id 2998
Jul 28, 2025 8:00:12 PM org.eclipse.lsp4j.jsonrpc.RemoteEndpoint handleCancellation
WARNING: Unmatched cancel notification for request id 2996
2025.07.28 20:00:17 WARN  failed to generate semanticdb for C:\Users\Jayso\Projects_For_Github\pls\hello-world\src\main\scala\app\Main.scala:
C:\Users\Jayso\Projects_For_Github\pls\hello-world\src\main\scala\app\Main.scala:750: error: `identifier` expected but `interpolation id` found
              .split("<think>")(1).split"(<think>").replace("\\n", "\n")
                                   ^
	at scala.meta.internal.parsers.Reporter.syntaxError(Reporter.scala:16)
	at scala.meta.internal.parsers.Reporter.syntaxError$(Reporter.scala:16)
	at scala.meta.internal.parsers.Reporter$$anon$1.syntaxError(Reporter.scala:22)
	at scala.meta.internal.parsers.Reporter.syntaxError(Reporter.scala:17)
	at scala.meta.internal.parsers.Reporter.syntaxError$(Reporter.scala:17)
	at scala.meta.internal.parsers.Reporter$$anon$1.syntaxError(Reporter.scala:22)
	at scala.meta.internal.parsers.ScalametaParser.syntaxErrorExpected(ScalametaParser.scala:425)
	at scala.meta.internal.parsers.ScalametaParser.syntaxErrorExpected(ScalametaParser.scala:423)
	at scala.meta.internal.parsers.ScalametaParser.name(ScalametaParser.scala:1177)
	at scala.meta.internal.parsers.ScalametaParser.termName(ScalametaParser.scala:1180)
	at scala.meta.internal.parsers.ScalametaParser.$anonfun$selector$1(ScalametaParser.scala:1239)
	at scala.meta.internal.parsers.ScalametaParser.autoEndPos(ScalametaParser.scala:384)
	at scala.meta.internal.parsers.ScalametaParser.selector(ScalametaParser.scala:1239)
	at scala.meta.internal.parsers.ScalametaParser.simpleExprRest(ScalametaParser.scala:2183)
	at scala.meta.internal.parsers.ScalametaParser.simpleExpr0(ScalametaParser.scala:2137)
	at scala.meta.internal.parsers.ScalametaParser.simpleExpr(ScalametaParser.scala:2106)
	at scala.meta.internal.parsers.ScalametaParser.prefixExpr(ScalametaParser.scala:2103)
	at scala.meta.internal.parsers.ScalametaParser.postfixExpr(ScalametaParser.scala:1966)
	at scala.meta.internal.parsers.ScalametaParser.$anonfun$expr$2(ScalametaParser.scala:1601)
	at scala.meta.internal.parsers.ScalametaParser.atPosOpt(ScalametaParser.scala:328)
	at scala.meta.internal.parsers.ScalametaParser.autoPosOpt(ScalametaParser.scala:382)
	at scala.meta.internal.parsers.ScalametaParser.expr(ScalametaParser.scala:1518)
	at scala.meta.internal.parsers.ScalametaParser.expr(ScalametaParser.scala:1421)
	at scala.meta.internal.parsers.ScalametaParser.$anonfun$patDefOrDcl$1(ScalametaParser.scala:3414)
	at scala.meta.internal.parsers.ScalametaParser.autoEndPos(ScalametaParser.scala:384)
	at scala.meta.internal.parsers.ScalametaParser.autoEndPos(ScalametaParser.scala:389)
	at scala.meta.internal.parsers.ScalametaParser.patDefOrDcl(ScalametaParser.scala:3404)
	at scala.meta.internal.parsers.ScalametaParser.defOrDclOrSecondaryCtor(ScalametaParser.scala:3375)
	at scala.meta.internal.parsers.ScalametaParser.localDef(ScalametaParser.scala:4313)
	at scala.meta.internal.parsers.ScalametaParser.getStat$1(ScalametaParser.scala:4341)
	at scala.meta.internal.parsers.ScalametaParser.$anonfun$blockStatSeq$5(ScalametaParser.scala:4349)
	at scala.meta.internal.parsers.ScalametaParser$.doWhile(ScalametaParser.scala:4418)
	at scala.meta.internal.parsers.ScalametaParser.$anonfun$blockStatSeq$1(ScalametaParser.scala:4349)
	at scala.meta.internal.parsers.ScalametaParser.$anonfun$blockStatSeq$1$adapted(ScalametaParser.scala:4322)
	at scala.meta.internal.parsers.ScalametaParser.scala$meta$internal$parsers$ScalametaParser$$listBy(ScalametaParser.scala:555)
	at scala.meta.internal.parsers.ScalametaParser.blockStatSeq(ScalametaParser.scala:4322)
	at scala.meta.internal.parsers.ScalametaParser.$anonfun$blockOnBrace$2(ScalametaParser.scala:2416)
	at scala.meta.internal.parsers.ScalametaParser.inBracesOnOpen(ScalametaParser.scala:258)
	at scala.meta.internal.parsers.ScalametaParser.$anonfun$blockOnBrace$1(ScalametaParser.scala:2414)
	at scala.meta.internal.parsers.ScalametaParser.atPos(ScalametaParser.scala:324)
	at scala.meta.internal.parsers.ScalametaParser.autoPos(ScalametaParser.scala:379)
	at scala.meta.internal.parsers.ScalametaParser.blockOnBrace(ScalametaParser.scala:2414)
	at scala.meta.internal.parsers.ScalametaParser.blockOnBrace(ScalametaParser.scala:2416)
	at scala.meta.internal.parsers.ScalametaParser.$anonfun$blockExprOnBrace$1(ScalametaParser.scala:2419)
	at scala.meta.internal.parsers.ScalametaParser.blockExprPartial(ScalametaParser.scala:2398)
	at scala.meta.internal.parsers.ScalametaParser.blockExprOnBrace(ScalametaParser.scala:2418)
	at scala.meta.internal.parsers.ScalametaParser.simpleExpr0(ScalametaParser.scala:2122)
	at scala.meta.internal.parsers.ScalametaParser.simpleExpr(ScalametaParser.scala:2106)
	at scala.meta.internal.parsers.ScalametaParser.prefixExpr(ScalametaParser.scala:2103)
	at scala.meta.internal.parsers.ScalametaParser.postfixExpr(ScalametaParser.scala:1966)
	at scala.meta.internal.parsers.ScalametaParser.$anonfun$expr$2(ScalametaParser.scala:1601)
	at scala.meta.internal.parsers.ScalametaParser.atPosOpt(ScalametaParser.scala:328)
	at scala.meta.internal.parsers.ScalametaParser.autoPosOpt(ScalametaParser.scala:382)
	at scala.meta.internal.parsers.ScalametaParser.expr(ScalametaParser.scala:1518)
	at scala.meta.internal.parsers.ScalametaParser.expr(ScalametaParser.scala:1421)
	at scala.meta.internal.parsers.ScalametaParser.$anonfun$expr$2(ScalametaParser.scala:1525)
	at scala.meta.internal.parsers.ScalametaParser.atPosOpt(ScalametaParser.scala:328)
	at scala.meta.internal.parsers.ScalametaParser.autoPosOpt(ScalametaParser.scala:382)
	at scala.meta.internal.parsers.ScalametaParser.expr(ScalametaParser.scala:1518)
	at scala.meta.internal.parsers.ScalametaParser.$anonfun$blockStatSeq$3(ScalametaParser.scala:4344)
	at scala.meta.internal.parsers.ScalametaParser.stat(ScalametaParser.scala:4227)
	at scala.meta.internal.parsers.ScalametaParser.getStat$1(ScalametaParser.scala:4344)
	at scala.meta.internal.parsers.ScalametaParser.$anonfun$blockStatSeq$5(ScalametaParser.scala:4349)
	at scala.meta.internal.parsers.ScalametaParser$.doWhile(ScalametaParser.scala:4418)
	at scala.meta.internal.parsers.ScalametaParser.$anonfun$blockStatSeq$1(ScalametaParser.scala:4349)
	at scala.meta.internal.parsers.ScalametaParser.$anonfun$blockStatSeq$1$adapted(ScalametaParser.scala:4322)
	at scala.meta.internal.parsers.ScalametaParser.scala$meta$internal$parsers$ScalametaParser$$listBy(ScalametaParser.scala:555)
	at scala.meta.internal.parsers.ScalametaParser.blockStatSeq(ScalametaParser.scala:4322)
	at scala.meta.internal.parsers.ScalametaParser.$anonfun$blockOnBrace$2(ScalametaParser.scala:2416)
	at scala.meta.internal.parsers.ScalametaParser.inBracesOnOpen(ScalametaParser.scala:258)
	at scala.meta.internal.parsers.ScalametaParser.$anonfun$blockOnBrace$1(ScalametaParser.scala:2414)
	at scala.meta.internal.parsers.ScalametaParser.atPos(ScalametaParser.scala:324)
	at scala.meta.internal.parsers.ScalametaParser.autoPos(ScalametaParser.scala:379)
	at scala.meta.internal.parsers.ScalametaParser.blockOnBrace(ScalametaParser.scala:2414)
	at scala.meta.internal.parsers.ScalametaParser.blockOnBrace(ScalametaParser.scala:2416)
	at scala.meta.internal.parsers.ScalametaParser.$anonfun$blockExprOnBrace$1(ScalametaParser.scala:2419)
	at scala.meta.internal.parsers.ScalametaParser.blockExprPartial(ScalametaParser.scala:2398)
	at scala.meta.internal.parsers.ScalametaParser.blockExprOnBrace(ScalametaParser.scala:2418)
	at scala.meta.internal.parsers.ScalametaParser.$anonfun$getArgClauseOnBrace$1(ScalametaParser.scala:2351)
	at scala.meta.internal.parsers.ScalametaParser.atPos(ScalametaParser.scala:324)
	at scala.meta.internal.parsers.ScalametaParser.autoPos(ScalametaParser.scala:379)
	at scala.meta.internal.parsers.ScalametaParser.getArgClauseOnBrace(ScalametaParser.scala:2350)
	at scala.meta.internal.parsers.ScalametaParser.argClause$1(ScalametaParser.scala:2200)
	at scala.meta.internal.parsers.ScalametaParser.simpleExprRest(ScalametaParser.scala:2201)
	at scala.meta.internal.parsers.ScalametaParser.simpleExpr0(ScalametaParser.scala:2137)
	at scala.meta.internal.parsers.ScalametaParser.simpleExpr(ScalametaParser.scala:2106)
	at scala.meta.internal.parsers.ScalametaParser.prefixExpr(ScalametaParser.scala:2103)
	at scala.meta.internal.parsers.ScalametaParser.postfixExpr(ScalametaParser.scala:1966)
	at scala.meta.internal.parsers.ScalametaParser.$anonfun$expr$2(ScalametaParser.scala:1601)
	at scala.meta.internal.parsers.ScalametaParser.atPosOpt(ScalametaParser.scala:328)
	at scala.meta.internal.parsers.ScalametaParser.autoPosOpt(ScalametaParser.scala:382)
	at scala.meta.internal.parsers.ScalametaParser.expr(ScalametaParser.scala:1518)
	at scala.meta.internal.parsers.ScalametaParser.$anonfun$blockStatSeq$3(ScalametaParser.scala:4344)
	at scala.meta.internal.parsers.ScalametaParser.stat(ScalametaParser.scala:4227)
	at scala.meta.internal.parsers.ScalametaParser.getStat$1(ScalametaParser.scala:4344)
	at scala.meta.internal.parsers.ScalametaParser.$anonfun$blockStatSeq$5(ScalametaParser.scala:4349)
	at scala.meta.internal.parsers.ScalametaParser$.doWhile(ScalametaParser.scala:4418)
	at scala.meta.internal.parsers.ScalametaParser.$anonfun$blockStatSeq$1(ScalametaParser.scala:4349)
	at scala.meta.internal.parsers.ScalametaParser.$anonfun$blockStatSeq$1$adapted(ScalametaParser.scala:4322)
	at scala.meta.internal.parsers.ScalametaParser.scala$meta$internal$parsers$ScalametaParser$$listBy(ScalametaParser.scala:555)
	at scala.meta.internal.parsers.ScalametaParser.blockStatSeq(ScalametaParser.scala:4322)
	at scala.meta.internal.parsers.ScalametaParser.$anonfun$blockOnBrace$2(ScalametaParser.scala:2416)
	at scala.meta.internal.parsers.ScalametaParser.inBracesOnOpen(ScalametaParser.scala:258)
	at scala.meta.internal.parsers.ScalametaParser.$anonfun$blockOnBrace$1(ScalametaParser.scala:2414)
	at scala.meta.internal.parsers.ScalametaParser.atPos(ScalametaParser.scala:324)
	at scala.meta.internal.parsers.ScalametaParser.autoPos(ScalametaParser.scala:379)
	at scala.meta.internal.parsers.ScalametaParser.blockOnBrace(ScalametaParser.scala:2414)
	at scala.meta.internal.parsers.ScalametaParser.blockOnBrace(ScalametaParser.scala:2416)
	at scala.meta.internal.parsers.ScalametaParser.$anonfun$blockExprOnBrace$1(ScalametaParser.scala:2419)
	at scala.meta.internal.parsers.ScalametaParser.blockExprPartial(ScalametaParser.scala:2398)
	at scala.meta.internal.parsers.ScalametaParser.blockExprOnBrace(ScalametaParser.scala:2418)
	at scala.meta.internal.parsers.ScalametaParser.simpleExpr0(ScalametaParser.scala:2122)
	at scala.meta.internal.parsers.ScalametaParser.simpleExpr(ScalametaParser.scala:2106)
	at scala.meta.internal.parsers.ScalametaParser.prefixExpr(ScalametaParser.scala:2103)
	at scala.meta.internal.parsers.ScalametaParser.postfixExpr(ScalametaParser.scala:1966)
	at scala.meta.internal.parsers.ScalametaParser.$anonfun$expr$2(ScalametaParser.scala:1601)
	at scala.meta.internal.parsers.ScalametaParser.atPosOpt(ScalametaParser.scala:328)
	at scala.meta.internal.parsers.ScalametaParser.autoPosOpt(ScalametaParser.scala:382)
	at scala.meta.internal.parsers.ScalametaParser.expr(ScalametaParser.scala:1518)
	at scala.meta.internal.parsers.ScalametaParser.expr(ScalametaParser.scala:1421)
	at scala.meta.internal.parsers.ScalametaParser.defn$1(ScalametaParser.scala:3729)
	at scala.meta.internal.parsers.ScalametaParser.$anonfun$funDefRest$1(ScalametaParser.scala:3733)
	at scala.meta.internal.parsers.ScalametaParser.autoEndPos(ScalametaParser.scala:384)
	at scala.meta.internal.parsers.ScalametaParser.autoEndPos(ScalametaParser.scala:389)
	at scala.meta.internal.parsers.ScalametaParser.funDefRest(ScalametaParser.scala:3713)
	at scala.meta.internal.parsers.ScalametaParser.funDefOrDclOrExtensionOrSecondaryCtor(ScalametaParser.scala:3684)
	at scala.meta.internal.parsers.ScalametaParser.defOrDclOrSecondaryCtor(ScalametaParser.scala:3380)
	at scala.meta.internal.parsers.ScalametaParser.localDef(ScalametaParser.scala:4313)
	at scala.meta.internal.parsers.ScalametaParser.getStat$1(ScalametaParser.scala:4341)
	at scala.meta.internal.parsers.ScalametaParser.$anonfun$blockStatSeq$5(ScalametaParser.scala:4349)
	at scala.meta.internal.parsers.ScalametaParser$.doWhile(ScalametaParser.scala:4418)
	at scala.meta.internal.parsers.ScalametaParser.$anonfun$blockStatSeq$1(ScalametaParser.scala:4349)
	at scala.meta.internal.parsers.ScalametaParser.$anonfun$blockStatSeq$1$adapted(ScalametaParser.scala:4322)
	at scala.meta.internal.parsers.ScalametaParser.scala$meta$internal$parsers$ScalametaParser$$listBy(ScalametaParser.scala:555)
	at scala.meta.internal.parsers.ScalametaParser.blockStatSeq(ScalametaParser.scala:4322)
	at scala.meta.internal.parsers.ScalametaParser.$anonfun$blockOnBrace$2(ScalametaParser.scala:2416)
	at scala.meta.internal.parsers.ScalametaParser.inBracesOnOpen(ScalametaParser.scala:258)
	at scala.meta.internal.parsers.ScalametaParser.$anonfun$blockOnBrace$1(ScalametaParser.scala:2414)
	at scala.meta.internal.parsers.ScalametaParser.atPos(ScalametaParser.scala:324)
	at scala.meta.internal.parsers.ScalametaParser.autoPos(ScalametaParser.scala:379)
	at scala.meta.internal.parsers.ScalametaParser.blockOnBrace(ScalametaParser.scala:2414)
	at scala.meta.internal.parsers.ScalametaParser.blockOnBrace(ScalametaParser.scala:2416)
	at scala.meta.internal.parsers.ScalametaParser.$anonfun$blockExprOnBrace$1(ScalametaParser.scala:2419)
	at scala.meta.internal.parsers.ScalametaParser.blockExprPartial(ScalametaParser.scala:2398)
	at scala.meta.internal.parsers.ScalametaParser.blockExprOnBrace(ScalametaParser.scala:2418)
	at scala.meta.internal.parsers.ScalametaParser.simpleExpr0(ScalametaParser.scala:2122)
	at scala.meta.internal.parsers.ScalametaParser.simpleExpr(ScalametaParser.scala:2106)
	at scala.meta.internal.parsers.ScalametaParser.prefixExpr(ScalametaParser.scala:2103)
	at scala.meta.internal.parsers.ScalametaParser.postfixExpr(ScalametaParser.scala:1966)
	at scala.meta.internal.parsers.ScalametaParser.$anonfun$expr$2(ScalametaParser.scala:1601)
	at scala.meta.internal.parsers.ScalametaParser.atPosOpt(ScalametaParser.scala:328)
	at scala.meta.internal.parsers.ScalametaParser.autoPosOpt(ScalametaParser.scala:382)
	at scala.meta.internal.parsers.ScalametaParser.expr(ScalametaParser.scala:1518)
	at scala.meta.internal.parsers.ScalametaParser.expr(ScalametaParser.scala:1421)
	at scala.meta.internal.parsers.ScalametaParser.defn$1(ScalametaParser.scala:3729)
	at scala.meta.internal.parsers.ScalametaParser.$anonfun$funDefRest$1(ScalametaParser.scala:3733)
	at scala.meta.internal.parsers.ScalametaParser.autoEndPos(ScalametaParser.scala:384)
	at scala.meta.internal.parsers.ScalametaParser.autoEndPos(ScalametaParser.scala:389)
	at scala.meta.internal.parsers.ScalametaParser.funDefRest(ScalametaParser.scala:3713)
	at scala.meta.internal.parsers.ScalametaParser.funDefOrDclOrExtensionOrSecondaryCtor(ScalametaParser.scala:3684)
	at scala.meta.internal.parsers.ScalametaParser.defOrDclOrSecondaryCtor(ScalametaParser.scala:3380)
	at scala.meta.internal.parsers.ScalametaParser.localDef(ScalametaParser.scala:4313)
	at scala.meta.internal.parsers.ScalametaParser.getStat$1(ScalametaParser.scala:4341)
	at scala.meta.internal.parsers.ScalametaParser.$anonfun$blockStatSeq$5(ScalametaParser.scala:4349)
	at scala.meta.internal.parsers.ScalametaParser$.doWhile(ScalametaParser.scala:4418)
	at scala.meta.internal.parsers.ScalametaParser.$anonfun$blockStatSeq$1(ScalametaParser.scala:4349)
	at scala.meta.internal.parsers.ScalametaParser.$anonfun$blockStatSeq$1$adapted(ScalametaParser.scala:4322)
	at scala.meta.internal.parsers.ScalametaParser.scala$meta$internal$parsers$ScalametaParser$$listBy(ScalametaParser.scala:555)
	at scala.meta.internal.parsers.ScalametaParser.blockStatSeq(ScalametaParser.scala:4322)
	at scala.meta.internal.parsers.ScalametaParser.$anonfun$blockOnBrace$2(ScalametaParser.scala:2416)
	at scala.meta.internal.parsers.ScalametaParser.inBracesOnOpen(ScalametaParser.scala:258)
	at scala.meta.internal.parsers.ScalametaParser.$anonfun$blockOnBrace$1(ScalametaParser.scala:2414)
	at scala.meta.internal.parsers.ScalametaParser.atPos(ScalametaParser.scala:324)
	at scala.meta.internal.parsers.ScalametaParser.autoPos(ScalametaParser.scala:379)
	at scala.meta.internal.parsers.ScalametaParser.blockOnBrace(ScalametaParser.scala:2414)
	at scala.meta.internal.parsers.ScalametaParser.blockOnBrace(ScalametaParser.scala:2416)
	at scala.meta.internal.parsers.ScalametaParser.$anonfun$blockExprOnBrace$1(ScalametaParser.scala:2419)
	at scala.meta.internal.parsers.ScalametaParser.blockExprPartial(ScalametaParser.scala:2398)
	at scala.meta.internal.parsers.ScalametaParser.blockExprOnBrace(ScalametaParser.scala:2418)
	at scala.meta.internal.parsers.ScalametaParser.simpleExpr0(ScalametaParser.scala:2122)
	at scala.meta.internal.parsers.ScalametaParser.simpleExpr(ScalametaParser.scala:2106)
	at scala.meta.internal.parsers.ScalametaParser.prefixExpr(ScalametaParser.scala:2103)
	at scala.meta.internal.parsers.ScalametaParser.postfixExpr(ScalametaParser.scala:1966)
	at scala.meta.internal.parsers.ScalametaParser.$anonfun$expr$2(ScalametaParser.scala:1601)
	at scala.meta.internal.parsers.ScalametaParser.atPosOpt(ScalametaParser.scala:328)
	at scala.meta.internal.parsers.ScalametaParser.autoPosOpt(ScalametaParser.scala:382)
	at scala.meta.internal.parsers.ScalametaParser.expr(ScalametaParser.scala:1518)
	at scala.meta.internal.parsers.ScalametaParser.expr(ScalametaParser.scala:1421)
	at scala.meta.internal.parsers.ScalametaParser.defn$1(ScalametaParser.scala:3729)
	at scala.meta.internal.parsers.ScalametaParser.$anonfun$funDefRest$1(ScalametaParser.scala:3733)
	at scala.meta.internal.parsers.ScalametaParser.autoEndPos(ScalametaParser.scala:384)
	at scala.meta.internal.parsers.ScalametaParser.autoEndPos(ScalametaParser.scala:389)
	at scala.meta.internal.parsers.ScalametaParser.funDefRest(ScalametaParser.scala:3713)
	at scala.meta.internal.parsers.ScalametaParser.funDefOrDclOrExtensionOrSecondaryCtor(ScalametaParser.scala:3684)
	at scala.meta.internal.parsers.ScalametaParser.defOrDclOrSecondaryCtor(ScalametaParser.scala:3380)
	at scala.meta.internal.parsers.ScalametaParser.nonLocalDefOrDcl(ScalametaParser.scala:3359)
	at scala.meta.internal.parsers.ScalametaParser$$anonfun$templateStat$1.applyOrElse(ScalametaParser.scala:4281)
	at scala.meta.internal.parsers.ScalametaParser$$anonfun$templateStat$1.applyOrElse(ScalametaParser.scala:4278)
	at scala.PartialFunction.$anonfun$runWith$1(PartialFunction.scala:231)
	at scala.PartialFunction.$anonfun$runWith$1$adapted(PartialFunction.scala:230)
	at scala.meta.internal.parsers.ScalametaParser.statSeqBuf(ScalametaParser.scala:4243)
	at scala.meta.internal.parsers.ScalametaParser.getStats$2(ScalametaParser.scala:4268)
	at scala.meta.internal.parsers.ScalametaParser.$anonfun$scala$meta$internal$parsers$ScalametaParser$$templateStatSeq$4(ScalametaParser.scala:4269)
	at scala.meta.internal.parsers.ScalametaParser.$anonfun$scala$meta$internal$parsers$ScalametaParser$$templateStatSeq$4$adapted(ScalametaParser.scala:4267)
	at scala.meta.internal.parsers.ScalametaParser.scala$meta$internal$parsers$ScalametaParser$$listBy(ScalametaParser.scala:555)
	at scala.meta.internal.parsers.ScalametaParser.scala$meta$internal$parsers$ScalametaParser$$templateStatSeq(ScalametaParser.scala:4267)
	at scala.meta.internal.parsers.ScalametaParser.$anonfun$templateBodyOnLeftBrace$2(ScalametaParser.scala:4123)
	at scala.meta.internal.parsers.ScalametaParser.inBracesOnOpen(ScalametaParser.scala:258)
	at scala.meta.internal.parsers.ScalametaParser.$anonfun$templateBodyOnLeftBrace$1(ScalametaParser.scala:4123)
	at scala.meta.internal.parsers.ScalametaParser.atPos(ScalametaParser.scala:324)
	at scala.meta.internal.parsers.ScalametaParser.autoPos(ScalametaParser.scala:379)
	at scala.meta.internal.parsers.ScalametaParser.templateBodyOnLeftBrace(ScalametaParser.scala:4123)
	at scala.meta.internal.parsers.ScalametaParser.templateBodyOpt(ScalametaParser.scala:4130)
	at scala.meta.internal.parsers.ScalametaParser.templateAfterExtends(ScalametaParser.scala:4078)
	at scala.meta.internal.parsers.ScalametaParser.$anonfun$template$1(ScalametaParser.scala:4099)
	at scala.meta.internal.parsers.ScalametaParser.atPos(ScalametaParser.scala:324)
	at scala.meta.internal.parsers.ScalametaParser.autoPos(ScalametaParser.scala:379)
	at scala.meta.internal.parsers.ScalametaParser.template(ScalametaParser.scala:4083)
	at scala.meta.internal.parsers.ScalametaParser.$anonfun$templateOpt$3(ScalametaParser.scala:4114)
	at scala.Option.getOrElse(Option.scala:201)
	at scala.meta.internal.parsers.ScalametaParser.$anonfun$templateOpt$1(ScalametaParser.scala:4112)
	at scala.meta.internal.parsers.ScalametaParser.atPos(ScalametaParser.scala:324)
	at scala.meta.internal.parsers.ScalametaParser.autoPos(ScalametaParser.scala:379)
	at scala.meta.internal.parsers.ScalametaParser.templateOpt(ScalametaParser.scala:4112)
	at scala.meta.internal.parsers.ScalametaParser.objectDef(ScalametaParser.scala:3835)
	at scala.meta.internal.parsers.ScalametaParser.$anonfun$tmplDef$1(ScalametaParser.scala:3761)
	at scala.meta.internal.parsers.ScalametaParser.autoEndPosOpt(ScalametaParser.scala:387)
	at scala.meta.internal.parsers.ScalametaParser.autoEndPosOpt(ScalametaParser.scala:391)
	at scala.meta.internal.parsers.ScalametaParser.tmplDef(ScalametaParser.scala:3757)
	at scala.meta.internal.parsers.ScalametaParser.topLevelTmplDef(ScalametaParser.scala:3751)
	at scala.meta.internal.parsers.ScalametaParser$$anonfun$2.applyOrElse(ScalametaParser.scala:4256)
	at scala.meta.internal.parsers.ScalametaParser$$anonfun$2.applyOrElse(ScalametaParser.scala:4250)
	at scala.PartialFunction.$anonfun$runWith$1(PartialFunction.scala:231)
	at scala.PartialFunction.$anonfun$runWith$1$adapted(PartialFunction.scala:230)
	at scala.meta.internal.parsers.ScalametaParser.statSeqBuf(ScalametaParser.scala:4243)
	at scala.meta.internal.parsers.ScalametaParser.$anonfun$statSeq$1(ScalametaParser.scala:4232)
	at scala.meta.internal.parsers.ScalametaParser.$anonfun$statSeq$1$adapted(ScalametaParser.scala:4232)
	at scala.meta.internal.parsers.ScalametaParser.scala$meta$internal$parsers$ScalametaParser$$listBy(ScalametaParser.scala:555)
	at scala.meta.internal.parsers.ScalametaParser.statSeq(ScalametaParser.scala:4232)
	at scala.meta.internal.parsers.ScalametaParser.bracelessPackageStats$1(ScalametaParser.scala:4402)
	at scala.meta.internal.parsers.ScalametaParser.$anonfun$source$1(ScalametaParser.scala:4405)
	at scala.meta.internal.parsers.ScalametaParser.atPos(ScalametaParser.scala:324)
	at scala.meta.internal.parsers.ScalametaParser.autoPos(ScalametaParser.scala:379)
	at scala.meta.internal.parsers.ScalametaParser.source(ScalametaParser.scala:4370)
	at scala.meta.internal.parsers.ScalametaParser.entrypointSource(ScalametaParser.scala:4408)
	at scala.meta.internal.parsers.ScalametaParser.parseSourceImpl(ScalametaParser.scala:114)
	at scala.meta.internal.parsers.ScalametaParser.$anonfun$parseSource$1(ScalametaParser.scala:111)
	at scala.meta.internal.parsers.ScalametaParser.parseRuleAfterBOF(ScalametaParser.scala:60)
	at scala.meta.internal.parsers.ScalametaParser.parseRule(ScalametaParser.scala:55)
	at scala.meta.internal.parsers.ScalametaParser.parseSource(ScalametaParser.scala:111)
	at scala.meta.parsers.Parse$.$anonfun$parseSource$1(Parse.scala:30)
	at scala.meta.parsers.Parse$$anon$1.apply(Parse.scala:37)
	at scala.meta.parsers.Api$XtensionParseDialectInput.parse(Api.scala:22)
	at scala.meta.internal.semanticdb.scalac.ParseOps$XtensionCompilationUnitSource.toSource(ParseOps.scala:15)
	at scala.meta.internal.semanticdb.scalac.TextDocumentOps$XtensionCompilationUnitDocument.toTextDocument(TextDocumentOps.scala:198)
	at scala.meta.internal.semanticdb.scalac.TextDocumentOps$XtensionCompilationUnitDocument.toTextDocument(TextDocumentOps.scala:44)
	at scala.meta.internal.semanticdb.scalac.SemanticdbPipeline$SemanticdbTyperComponent$ComputeSemanticdbPhase.saveSemanticdbForCompilationUnit(SemanticdbPipeline.scala:66)
	at scala.meta.internal.semanticdb.scalac.SemanticdbPipeline$SemanticdbTyperComponent$ComputeSemanticdbPhase.apply(SemanticdbPipeline.scala:70)
	at scala.tools.nsc.Global$GlobalPhase.applyPhase(Global.scala:483)
	at scala.tools.nsc.Global$GlobalPhase.run(Global.scala:430)
	at scala.meta.internal.semanticdb.scalac.SemanticdbPipeline$SemanticdbTyperComponent$ComputeSemanticdbPhase.run(SemanticdbPipeline.scala:78)
	at scala.tools.nsc.Global$Run.compileUnitsInternal(Global.scala:1564)
	at scala.tools.nsc.Global$Run.compileUnits(Global.scala:1548)
	at scala.tools.nsc.Global$Run.compileSources(Global.scala:1540)
	at scala.tools.nsc.Global$Run.compileFiles(Global.scala:1653)
	at scala.tools.xsbt.CachedCompiler0.run(CompilerBridge.scala:176)
	at scala.tools.xsbt.CachedCompiler0.run(CompilerBridge.scala:139)
	at scala.tools.xsbt.CompilerBridge.run(CompilerBridge.scala:43)
	at sbt.internal.inc.AnalyzingCompiler.compile(AnalyzingCompiler.scala:91)
	at sbt.internal.inc.bloop.internal.BloopHighLevelCompiler.compileSources$1(BloopHighLevelCompiler.scala:148)
	at sbt.internal.inc.bloop.internal.BloopHighLevelCompiler.$anonfun$compile$9(BloopHighLevelCompiler.scala:181)
	at scala.runtime.java8.JFunction0$mcV$sp.apply(JFunction0$mcV$sp.java:23)
	at sbt.internal.inc.bloop.internal.BloopHighLevelCompiler.$anonfun$compile$1(BloopHighLevelCompiler.scala:73)
	at bloop.tracing.NoopTracer$.trace(BraveTracer.scala:53)
	at sbt.internal.inc.bloop.internal.BloopHighLevelCompiler.timed$1(BloopHighLevelCompiler.scala:72)
	at sbt.internal.inc.bloop.internal.BloopHighLevelCompiler.$anonfun$compile$8(BloopHighLevelCompiler.scala:181)
	at scala.runtime.java8.JFunction0$mcV$sp.apply(JFunction0$mcV$sp.java:23)
	at monix.eval.internal.TaskRunLoop$.startFull(TaskRunLoop.scala:81)
	at monix.eval.internal.TaskRestartCallback.syncOnSuccess(TaskRestartCallback.scala:101)
	at monix.eval.internal.TaskRestartCallback.onSuccess(TaskRestartCallback.scala:74)
	at monix.eval.internal.TaskExecuteOn$AsyncRegister$$anon$1.run(TaskExecuteOn.scala:71)
	at java.base/java.util.concurrent.ForkJoinTask$RunnableExecuteAction.exec(ForkJoinTask.java:1423)
	at java.base/java.util.concurrent.ForkJoinTask.doExec(ForkJoinTask.java:387)
	at java.base/java.util.concurrent.ForkJoinPool$WorkQueue.topLevelExec(ForkJoinPool.java:1312)
	at java.base/java.util.concurrent.ForkJoinPool.scan(ForkJoinPool.java:1843)
	at java.base/java.util.concurrent.ForkJoinPool.runWorker(ForkJoinPool.java:1808)
	at java.base/java.util.concurrent.ForkJoinWorkerThread.run(ForkJoinWorkerThread.java:188)
2025.07.28 20:00:21 INFO  Canceling debug proxy for [app.Main]
2025.07.28 20:00:21 INFO  Closing debug server tcp://0.0.0.0:52783
2025.07.28 20:00:24 WARN  2 deprecations (since 2.12.16)
2025.07.28 20:00:24 WARN  2 deprecations (since 20)
2025.07.28 20:00:24 WARN  2 deprecations (since R19)
2025.07.28 20:00:24 WARN  6 deprecations in total; re-run with -deprecation for details
2025.07.28 20:00:25 INFO  time: compiled hello-world in 31s
2025.07.28 20:05:58 INFO  tracing is disabled for protocol dap-server, to enable tracing of incoming and outgoing JSON messages create an empty file at C:\Users\Jayso\Projects_For_Github\pls\hello-world\.metals\dap-server.trace.json or C:\Users\Jayso\AppData\Local\scalameta\metals\cache\dap-server.trace.json
2025.07.28 20:05:58 INFO  tracing is disabled for protocol dap-client, to enable tracing of incoming and outgoing JSON messages create an empty file at C:\Users\Jayso\Projects_For_Github\pls\hello-world\.metals\dap-client.trace.json or C:\Users\Jayso\AppData\Local\scalameta\metals\cache\dap-client.trace.json
2025.07.28 20:05:59 INFO  Starting debug proxy for [app.Main]
2025.07.28 20:05:59 INFO  Loaded expression compiler in 8 milliseconds
2025.07.28 20:06:07 INFO  Loaded all sources and classes in 7 seconds
2025.07.28 20:06:07 INFO  Initialized Scala 3 decoder in 0 milliseconds
2025.07.28 20:06:07 INFO  Trying to attach to remote debuggee VM kubernetes.docker.internal:53449 .
2025.07.28 20:06:07 INFO  Attaching to debuggee VM succeeded.
Jul 29, 2025 8:10:30 PM org.eclipse.lsp4j.jsonrpc.RemoteEndpoint handleCancellation
WARNING: Unmatched cancel notification for request id 3045
Jul 29, 2025 8:10:30 PM org.eclipse.lsp4j.jsonrpc.RemoteEndpoint handleCancellation
WARNING: Unmatched cancel notification for request id 3046
Jul 29, 2025 8:10:47 PM org.eclipse.lsp4j.jsonrpc.RemoteEndpoint handleCancellation
WARNING: Unmatched cancel notification for request id 3048
2025.07.29 20:11:11 INFO  Canceling debug proxy for [app.Main]
2025.07.29 20:11:11 INFO  Closing debug server tcp://0.0.0.0:53446
2025.07.29 20:11:20 INFO  Shutting down server
2025.07.29 20:11:20 INFO  shutting down Metals
2025.07.29 20:11:21 INFO  Shut down connection with build server.
2025.07.29 20:11:21 INFO  Shut down connection with build server.
2025.08.11 22:33:29 INFO  Started: Metals version 1.6.0 in folders 'C:\Users\Jayso\Projects_For_Github\pls\hello-world' for client Visual Studio Code 1.102.2.
2025.08.11 22:33:33 INFO  no build target found for C:\Users\Jayso\Projects_For_Github\pls\hello-world\src\main\scala\app\Main.scala. Using presentation compiler with project's scala-library version: 3.3.6
2025.08.11 22:33:43 INFO  no build target found for C:\Users\Jayso\Projects_For_Github\pls\hello-world\src\main\scala\app\Main.scala. Using presentation compiler with project's scala-library version: 3.3.6
2025.08.11 22:33:43 INFO  no build target found for C:\Users\Jayso\Projects_For_Github\pls\hello-world\src\main\scala\app\Main.scala. Using presentation compiler with project's scala-library version: 3.3.6
2025.08.11 22:33:44 INFO  no build target found for C:\Users\Jayso\Projects_For_Github\pls\hello-world\src\main\scala\app\Main.scala. Using presentation compiler with project's scala-library version: 3.3.6
2025.08.11 22:33:44 WARN  no build target for: C:\Users\Jayso\Projects_For_Github\pls\hello-world\src\main\scala\app\Main.scala
2025.08.11 22:33:44 ERROR scala.meta.internal.metals.debug.DiscoveryFailures$BuildTargetNotFoundForPathException: No build target could be found for the path: C:\Users\Jayso\Projects_For_Github\pls\hello-world\src\main\scala\app\Main.scala
	at scala.meta.internal.metals.debug.DebugDiscovery.validate(DebugDiscovery.scala:94)
	at scala.meta.internal.metals.debug.DebugDiscovery.debugDiscovery(DebugDiscovery.scala:170)
	at scala.meta.internal.metals.MetalsLspService.debugDiscovery(MetalsLspService.scala:1456)
	at scala.meta.internal.metals.WorkspaceLspService.executeCommand(WorkspaceLspService.scala:1112)
	at scala.meta.metals.lsp.DelegatingScalaService.executeCommand(DelegatingScalaService.scala:169)
	at jdk.internal.reflect.DirectMethodHandleAccessor.invoke(DirectMethodHandleAccessor.java:103)
	at java.lang.reflect.Method.invoke(Method.java:580)
	at org.eclipse.lsp4j.jsonrpc.services.GenericEndpoint.lambda$recursiveFindRpcMethods$0(GenericEndpoint.java:65)
	at org.eclipse.lsp4j.jsonrpc.services.GenericEndpoint.request(GenericEndpoint.java:128)
	at org.eclipse.lsp4j.jsonrpc.RemoteEndpoint.handleRequest(RemoteEndpoint.java:271)
	at org.eclipse.lsp4j.jsonrpc.RemoteEndpoint.consume(RemoteEndpoint.java:201)
	at org.eclipse.lsp4j.jsonrpc.json.StreamMessageProducer.handleMessage(StreamMessageProducer.java:185)
	at org.eclipse.lsp4j.jsonrpc.json.StreamMessageProducer.listen(StreamMessageProducer.java:97)
	at org.eclipse.lsp4j.jsonrpc.json.ConcurrentMessageProcessor.run(ConcurrentMessageProcessor.java:114)
	at java.util.concurrent.Executors$RunnableAdapter.call(Executors.java:572)
	at java.util.concurrent.FutureTask.run(FutureTask.java:317)
	at java.util.concurrent.ThreadPoolExecutor.runWorker(ThreadPoolExecutor.java:1144)
	at java.util.concurrent.ThreadPoolExecutor$Worker.run(ThreadPoolExecutor.java:642)
	at java.lang.Thread.run(Thread.java:1583)

Aug 11, 2025 10:33:44 PM org.eclipse.lsp4j.jsonrpc.RemoteEndpoint handleCancellation
WARNING: Unmatched cancel notification for request id 8
Aug 11, 2025 10:33:44 PM org.eclipse.lsp4j.jsonrpc.RemoteEndpoint handleCancellation
WARNING: Unmatched cancel notification for request id 2
Aug 11, 2025 10:33:44 PM org.eclipse.lsp4j.jsonrpc.RemoteEndpoint handleCancellation
WARNING: Unmatched cancel notification for request id 3
2025.08.11 22:33:43 INFO  no build target found for C:\Users\Jayso\Projects_For_Github\pls\hello-world\src\main\scala\app\Main.scala. Using presentation compiler with project's scala-library version: 3.3.6
2025.08.11 22:33:44 INFO  Attempting to connect to the build server...
2025.08.11 22:33:44 INFO  No running Bloop server found, starting one.
2025.08.11 22:33:48 INFO  no build target found for C:\Users\Jayso\Projects_For_Github\pls\hello-world\src\main\scala\app\Main.scala. Using presentation compiler with project's scala-library version: 3.3.6
Aug 11, 2025 10:33:48 PM org.eclipse.lsp4j.jsonrpc.RemoteEndpoint handleCancellation
WARNING: Unmatched cancel notification for request id 11
Aug 11, 2025 10:33:48 PM org.eclipse.lsp4j.jsonrpc.RemoteEndpoint handleCancellation
WARNING: Unmatched cancel notification for request id 12
2025.08.11 22:33:53 ERROR scala.meta.internal.metals.debug.DiscoveryFailures$BuildTargetNotFoundForPathException: No build target could be found for the path: C:\Users\Jayso\Projects_For_Github\pls\hello-world\src\main\scala\app\Main.scala
	at scala.meta.internal.metals.debug.DebugDiscovery.validate(DebugDiscovery.scala:94)
	at scala.meta.internal.metals.debug.DebugDiscovery.debugDiscovery(DebugDiscovery.scala:170)
	at scala.meta.internal.metals.debug.DebugDiscovery.runCommandDiscovery(DebugDiscovery.scala:61)
	at scala.meta.internal.metals.MetalsLspService.discoverMainClasses(MetalsLspService.scala:1489)
	at scala.meta.internal.metals.WorkspaceLspService.executeCommand(WorkspaceLspService.scala:916)
	at scala.meta.metals.lsp.DelegatingScalaService.executeCommand(DelegatingScalaService.scala:169)
	at jdk.internal.reflect.DirectMethodHandleAccessor.invoke(DirectMethodHandleAccessor.java:103)
	at java.lang.reflect.Method.invoke(Method.java:580)
	at org.eclipse.lsp4j.jsonrpc.services.GenericEndpoint.lambda$recursiveFindRpcMethods$0(GenericEndpoint.java:65)
	at org.eclipse.lsp4j.jsonrpc.services.GenericEndpoint.request(GenericEndpoint.java:128)
	at org.eclipse.lsp4j.jsonrpc.RemoteEndpoint.handleRequest(RemoteEndpoint.java:271)
	at org.eclipse.lsp4j.jsonrpc.RemoteEndpoint.consume(RemoteEndpoint.java:201)
	at org.eclipse.lsp4j.jsonrpc.json.StreamMessageProducer.handleMessage(StreamMessageProducer.java:185)
	at org.eclipse.lsp4j.jsonrpc.json.StreamMessageProducer.listen(StreamMessageProducer.java:97)
	at org.eclipse.lsp4j.jsonrpc.json.ConcurrentMessageProcessor.run(ConcurrentMessageProcessor.java:114)
	at java.util.concurrent.Executors$RunnableAdapter.call(Executors.java:572)
	at java.util.concurrent.FutureTask.run(FutureTask.java:317)
	at java.util.concurrent.ThreadPoolExecutor.runWorker(ThreadPoolExecutor.java:1144)
	at java.util.concurrent.ThreadPoolExecutor$Worker.run(ThreadPoolExecutor.java:642)
	at java.lang.Thread.run(Thread.java:1583)

2025.08.11 22:33:53 INFO  Starting compilation server
2025.08.11 22:33:53 WARN  no build target for: C:\Users\Jayso\Projects_For_Github\pls\hello-world\src\main\scala\app\Main.scala
2025.08.11 22:33:53 ERROR scala.meta.internal.metals.debug.DiscoveryFailures$BuildTargetNotFoundForPathException: No build target could be found for the path: C:\Users\Jayso\Projects_For_Github\pls\hello-world\src\main\scala\app\Main.scala
	at scala.meta.internal.metals.debug.DebugDiscovery.validate(DebugDiscovery.scala:94)
	at scala.meta.internal.metals.debug.DebugDiscovery.debugDiscovery(DebugDiscovery.scala:170)
	at scala.meta.internal.metals.MetalsLspService.debugDiscovery(MetalsLspService.scala:1456)
	at scala.meta.internal.metals.WorkspaceLspService.executeCommand(WorkspaceLspService.scala:1112)
	at scala.meta.metals.lsp.DelegatingScalaService.executeCommand(DelegatingScalaService.scala:169)
	at jdk.internal.reflect.DirectMethodHandleAccessor.invoke(DirectMethodHandleAccessor.java:103)
	at java.lang.reflect.Method.invoke(Method.java:580)
	at org.eclipse.lsp4j.jsonrpc.services.GenericEndpoint.lambda$recursiveFindRpcMethods$0(GenericEndpoint.java:65)
	at org.eclipse.lsp4j.jsonrpc.services.GenericEndpoint.request(GenericEndpoint.java:128)
	at org.eclipse.lsp4j.jsonrpc.RemoteEndpoint.handleRequest(RemoteEndpoint.java:271)
	at org.eclipse.lsp4j.jsonrpc.RemoteEndpoint.consume(RemoteEndpoint.java:201)
	at org.eclipse.lsp4j.jsonrpc.json.StreamMessageProducer.handleMessage(StreamMessageProducer.java:185)
	at org.eclipse.lsp4j.jsonrpc.json.StreamMessageProducer.listen(StreamMessageProducer.java:97)
	at org.eclipse.lsp4j.jsonrpc.json.ConcurrentMessageProcessor.run(ConcurrentMessageProcessor.java:114)
	at java.util.concurrent.Executors$RunnableAdapter.call(Executors.java:572)
	at java.util.concurrent.FutureTask.run(FutureTask.java:317)
	at java.util.concurrent.ThreadPoolExecutor.runWorker(ThreadPoolExecutor.java:1144)
	at java.util.concurrent.ThreadPoolExecutor$Worker.run(ThreadPoolExecutor.java:642)
	at java.lang.Thread.run(Thread.java:1583)

2025.08.11 22:34:01 INFO  no build target found for C:\Users\Jayso\Projects_For_Github\pls\hello-world\src\main\scala\app\Main.scala. Using presentation compiler with project's scala-library version: 3.3.6
2025.08.11 22:34:05 INFO  tracing is disabled for protocol BSP, to enable tracing of incoming and outgoing JSON messages create an empty file at C:\Users\Jayso\Projects_For_Github\pls\hello-world\.metals\bsp.trace.json or C:\Users\Jayso\AppData\Local\scalameta\metals\cache\bsp.trace.json
2025.08.11 22:34:08 INFO  Attempting to connect to the build server...
2025.08.11 22:34:08 INFO  Found a Bloop server running
2025.08.11 22:34:08 INFO  tracing is disabled for protocol BSP, to enable tracing of incoming and outgoing JSON messages create an empty file at C:\Users\Jayso\Projects_For_Github\pls\hello-world\project\.metals\bsp.trace.json or C:\Users\Jayso\AppData\Local\scalameta\metals\cache\bsp.trace.json
2025.08.11 22:34:08 INFO  time: Connected to build server in 24s
2025.08.11 22:34:08 INFO  Connected to Build server: Bloop v2.0.10
2025.08.11 22:34:12 INFO  no build target found for C:\Users\Jayso\Projects_For_Github\pls\hello-world\src\main\scala\app\Main.scala. Using presentation compiler with project's scala-library version: 3.3.6
2025.08.11 22:34:13 INFO  time: Imported build in 4.35s
2025.08.11 22:34:47 INFO  time: indexed workspace in 33s
2025.08.11 22:34:47 INFO  running 'C:\Program Files\Eclipse Adoptium\jdk-21.0.7.6-hotspot\bin\java.exe -Djline.terminal=jline.UnsupportedTerminal -Dsbt.log.noformat=true -Dfile.encoding=UTF-8 -jar C:\Users\Jayso\AppData\Local\Temp\metals15587389577114875724\sbt-launch.jar -Dbloop.export-jar-classifiers=sources bloopInstall'
2025.08.11 22:34:58 INFO  [info] welcome to sbt 1.10.11 (Eclipse Adoptium Java 21.0.7)
2025.08.11 22:35:02 INFO  [info] loading settings for project hello-world-build-build from metals.sbt...
2025.08.11 22:35:06 INFO  [info] loading project definition from C:\Users\Jayso\Projects_For_Github\pls\hello-world\project\project
2025.08.11 22:35:09 INFO  [info] loading settings for project hello-world-build from metals.sbt...
2025.08.11 22:35:09 INFO  [info] loading project definition from C:\Users\Jayso\Projects_For_Github\pls\hello-world\project
Aug 11, 2025 10:35:12 PM org.eclipse.lsp4j.jsonrpc.RemoteEndpoint handleCancellation
WARNING: Unmatched cancel notification for request id 36
2025.08.11 22:35:20 INFO  [success] Generated .bloop\hello-world-build.json
2025.08.11 22:35:20 INFO  [success] Total time: 10 s, completed Aug 11, 2025, 10:35:21 PM
2025.08.11 22:35:22 INFO  [info] loading settings for project hello-world from build.sbt...
2025.08.11 22:35:22 INFO  [info] set current project to hello-world (in build file:/C:/Users/Jayso/Projects_For_Github/pls/hello-world/)
2025.08.11 22:35:24 INFO  [success] Generated .bloop\hello-world-test.json
2025.08.11 22:35:24 INFO  [success] Generated .bloop\hello-world.json
2025.08.11 22:35:24 INFO  [success] Total time: 1 s, completed Aug 11, 2025, 10:35:24 PM
2025.08.11 22:35:25 INFO  time: ran 'sbt bloopInstall' in 37s
2025.08.11 22:35:25 INFO  Disconnecting from Bloop session...
2025.08.11 22:35:25 INFO  Shut down connection with build server.
2025.08.11 22:35:25 INFO  Shut down connection with build server.
2025.08.11 22:35:25 INFO  Attempting to connect to the build server...
2025.08.11 22:35:25 INFO  Found a Bloop server running
2025.08.11 22:35:25 INFO  tracing is disabled for protocol BSP, to enable tracing of incoming and outgoing JSON messages create an empty file at C:\Users\Jayso\Projects_For_Github\pls\hello-world\.metals\bsp.trace.json or C:\Users\Jayso\AppData\Local\scalameta\metals\cache\bsp.trace.json
2025.08.11 22:35:25 INFO  Attempting to connect to the build server...
2025.08.11 22:35:25 INFO  Found a Bloop server running
2025.08.11 22:35:25 INFO  tracing is disabled for protocol BSP, to enable tracing of incoming and outgoing JSON messages create an empty file at C:\Users\Jayso\Projects_For_Github\pls\hello-world\project\.metals\bsp.trace.json or C:\Users\Jayso\AppData\Local\scalameta\metals\cache\bsp.trace.json
2025.08.11 22:35:25 INFO  time: Connected to build server in 0.31s
2025.08.11 22:35:25 INFO  Connected to Build server: Bloop v2.0.10
2025.08.11 22:35:25 INFO  time: Imported build in 0.21s
2025.08.11 22:35:38 INFO  time: indexed workspace in 12s
Aug 11, 2025 10:36:31 PM org.eclipse.lsp4j.jsonrpc.RemoteEndpoint handleCancellation
WARNING: Unmatched cancel notification for request id 79
Aug 11, 2025 10:36:34 PM org.eclipse.lsp4j.jsonrpc.RemoteEndpoint handleCancellation
WARNING: Unmatched cancel notification for request id 117
Aug 11, 2025 10:36:34 PM org.eclipse.lsp4j.jsonrpc.RemoteEndpoint handleCancellation
WARNING: Unmatched cancel notification for request id 118
Aug 11, 2025 10:36:34 PM org.eclipse.lsp4j.jsonrpc.RemoteEndpoint handleCancellation
WARNING: Unmatched cancel notification for request id 119
Aug 11, 2025 10:36:34 PM org.eclipse.lsp4j.jsonrpc.RemoteEndpoint handleCancellation
WARNING: Unmatched cancel notification for request id 120
Aug 11, 2025 10:36:34 PM org.eclipse.lsp4j.jsonrpc.RemoteEndpoint handleCancellation
WARNING: Unmatched cancel notification for request id 121
2025.08.11 22:36:47 INFO  tracing is disabled for protocol dap-server, to enable tracing of incoming and outgoing JSON messages create an empty file at C:\Users\Jayso\Projects_For_Github\pls\hello-world\.metals\dap-server.trace.json or C:\Users\Jayso\AppData\Local\scalameta\metals\cache\dap-server.trace.json
2025.08.11 22:36:47 INFO  tracing is disabled for protocol dap-client, to enable tracing of incoming and outgoing JSON messages create an empty file at C:\Users\Jayso\Projects_For_Github\pls\hello-world\.metals\dap-client.trace.json or C:\Users\Jayso\AppData\Local\scalameta\metals\cache\dap-client.trace.json
2025.08.11 22:36:48 INFO  Starting debug proxy for [app.Main]
2025.08.11 22:36:51 INFO  Loaded expression compiler in 3 seconds
2025.08.11 22:37:03 INFO  Loaded all sources and classes in 12 seconds
2025.08.11 22:37:03 INFO  Initialized Scala 3 decoder in 7 milliseconds
2025.08.11 22:37:03 INFO  Trying to attach to remote debuggee VM kubernetes.docker.internal:58300 .
2025.08.11 22:37:03 INFO  Attaching to debuggee VM succeeded.
2025.08.11 22:38:32 INFO  Created report: Optional.empty
2025.08.11 22:38:32 INFO  [error response][variables]: com.sun.jdi.InconsistentDebugInfoException (full report at: "C:\Users\Jayso\Projects_For_Github\pls\hello-world\.metals\.reports\bloop\2025-08-11\r_[error response][var..._22-38-32-433.md")
Aug 11, 2025 10:38:42 PM org.eclipse.lsp4j.jsonrpc.RemoteEndpoint handleCancellation
WARNING: Unmatched cancel notification for request id 149
Aug 11, 2025 10:38:42 PM org.eclipse.lsp4j.jsonrpc.RemoteEndpoint handleCancellation
WARNING: Unmatched cancel notification for request id 150
Aug 11, 2025 10:40:40 PM org.eclipse.lsp4j.jsonrpc.RemoteEndpoint handleCancellation
WARNING: Unmatched cancel notification for request id 173
2025.08.11 22:40:45 INFO  compiling hello-world (1 scala source)
Aug 11, 2025 10:40:58 PM org.eclipse.lsp4j.jsonrpc.RemoteEndpoint handleCancellation
WARNING: Unmatched cancel notification for request id 185
Aug 11, 2025 10:40:58 PM org.eclipse.lsp4j.jsonrpc.RemoteEndpoint handleCancellation
WARNING: Unmatched cancel notification for request id 186
Aug 11, 2025 10:40:58 PM org.eclipse.lsp4j.jsonrpc.RemoteEndpoint handleCancellation
WARNING: Unmatched cancel notification for request id 188
Aug 11, 2025 10:40:58 PM org.eclipse.lsp4j.jsonrpc.RemoteEndpoint handleCancellation
WARNING: Unmatched cancel notification for request id 189
Aug 11, 2025 10:40:58 PM org.eclipse.lsp4j.jsonrpc.RemoteEndpoint handleCancellation
WARNING: Unmatched cancel notification for request id 191
Aug 11, 2025 10:40:59 PM org.eclipse.lsp4j.jsonrpc.RemoteEndpoint handleCancellation
WARNING: Unmatched cancel notification for request id 192
Aug 11, 2025 10:40:59 PM org.eclipse.lsp4j.jsonrpc.RemoteEndpoint handleCancellation
WARNING: Unmatched cancel notification for request id 193
Aug 11, 2025 10:40:59 PM org.eclipse.lsp4j.jsonrpc.RemoteEndpoint handleCancellation
WARNING: Unmatched cancel notification for request id 194
Aug 11, 2025 10:40:59 PM org.eclipse.lsp4j.jsonrpc.RemoteEndpoint handleCancellation
WARNING: Unmatched cancel notification for request id 195
Aug 11, 2025 10:40:59 PM org.eclipse.lsp4j.jsonrpc.RemoteEndpoint handleCancellation
WARNING: Unmatched cancel notification for request id 196
Aug 11, 2025 10:40:59 PM org.eclipse.lsp4j.jsonrpc.RemoteEndpoint handleCancellation
WARNING: Unmatched cancel notification for request id 197
Aug 11, 2025 10:41:00 PM org.eclipse.lsp4j.jsonrpc.RemoteEndpoint handleCancellation
WARNING: Unmatched cancel notification for request id 198
Aug 11, 2025 10:41:01 PM org.eclipse.lsp4j.jsonrpc.RemoteEndpoint handleCancellation
WARNING: Unmatched cancel notification for request id 201
2025.08.11 22:41:23 INFO  Canceling debug proxy for [app.Main]
2025.08.11 22:41:23 INFO  Closing debug server tcp://0.0.0.0:58293
2025.08.11 22:41:24 INFO  time: code lens generation in 1.15s
2025.08.11 22:42:17 WARN  2 deprecations (since 2.12.16)
2025.08.11 22:42:17 WARN  2 deprecations (since 20)
2025.08.11 22:42:17 WARN  2 deprecations (since R19)
2025.08.11 22:42:17 WARN  6 deprecations in total; re-run with -deprecation for details
2025.08.11 22:42:24 INFO  time: compiled hello-world in 1m39s
Aug 11, 2025 10:43:45 PM org.eclipse.lsp4j.jsonrpc.RemoteEndpoint handleCancellation
WARNING: Unmatched cancel notification for request id 229
Aug 11, 2025 10:43:52 PM org.eclipse.lsp4j.jsonrpc.RemoteEndpoint handleCancellation
WARNING: Unmatched cancel notification for request id 237
Aug 11, 2025 10:43:53 PM org.eclipse.lsp4j.jsonrpc.RemoteEndpoint handleCancellation
WARNING: Unmatched cancel notification for request id 238
Aug 11, 2025 10:43:55 PM org.eclipse.lsp4j.jsonrpc.RemoteEndpoint handleCancellation
WARNING: Unmatched cancel notification for request id 243
2025.08.11 22:43:58 INFO  compiling hello-world (1 scala source)
Aug 11, 2025 10:43:58 PM org.eclipse.lsp4j.jsonrpc.RemoteEndpoint handleCancellation
WARNING: Unmatched cancel notification for request id 244
Aug 11, 2025 10:43:58 PM org.eclipse.lsp4j.jsonrpc.RemoteEndpoint handleCancellation
WARNING: Unmatched cancel notification for request id 245
Aug 11, 2025 10:43:58 PM org.eclipse.lsp4j.jsonrpc.RemoteEndpoint handleCancellation
WARNING: Unmatched cancel notification for request id 246
Aug 11, 2025 10:44:00 PM org.eclipse.lsp4j.jsonrpc.RemoteEndpoint handleCancellation
WARNING: Unmatched cancel notification for request id 248
Aug 11, 2025 10:44:00 PM org.eclipse.lsp4j.jsonrpc.RemoteEndpoint handleCancellation
WARNING: Unmatched cancel notification for request id 249
Aug 11, 2025 10:44:01 PM org.eclipse.lsp4j.jsonrpc.RemoteEndpoint handleCancellation
WARNING: Unmatched cancel notification for request id 253
Aug 11, 2025 10:44:01 PM org.eclipse.lsp4j.jsonrpc.RemoteEndpoint handleCancellation
WARNING: Unmatched cancel notification for request id 255
Aug 11, 2025 10:44:02 PM org.eclipse.lsp4j.jsonrpc.RemoteEndpoint handleCancellation
WARNING: Unmatched cancel notification for request id 258
Aug 11, 2025 10:44:07 PM org.eclipse.lsp4j.jsonrpc.RemoteEndpoint handleCancellation
WARNING: Unmatched cancel notification for request id 262
Aug 11, 2025 10:44:17 PM org.eclipse.lsp4j.jsonrpc.RemoteEndpoint handleCancellation
WARNING: Unmatched cancel notification for request id 267
Aug 11, 2025 10:44:19 PM org.eclipse.lsp4j.jsonrpc.RemoteEndpoint handleCancellation
WARNING: Unmatched cancel notification for request id 268
Aug 11, 2025 10:44:21 PM org.eclipse.lsp4j.jsonrpc.RemoteEndpoint handleCancellation
WARNING: Unmatched cancel notification for request id 271
Aug 11, 2025 10:44:29 PM org.eclipse.lsp4j.jsonrpc.RemoteEndpoint handleCancellation
WARNING: Unmatched cancel notification for request id 275
2025.08.11 22:44:29 WARN  Could not load snapshot text for C:\Users\Jayso\Projects_For_Github\pls\hello-world\src\main\scala\app\Main.scala
2025.08.11 22:44:29 INFO  time: code lens generation in 1.27s
Aug 11, 2025 10:44:31 PM org.eclipse.lsp4j.jsonrpc.RemoteEndpoint handleCancellation
WARNING: Unmatched cancel notification for request id 280
2025.08.11 22:44:34 WARN  Could not load snapshot text for C:\Users\Jayso\Projects_For_Github\pls\hello-world\src\main\scala\app\Main.scala
2025.08.11 22:44:34 INFO  time: code lens generation in 3.16s
2025.08.11 22:44:39 WARN  Could not load snapshot text for C:\Users\Jayso\Projects_For_Github\pls\hello-world\src\main\scala\app\Main.scala
Aug 11, 2025 10:44:57 PM org.eclipse.lsp4j.jsonrpc.RemoteEndpoint handleCancellation
WARNING: Unmatched cancel notification for request id 287
2025.08.11 22:44:57 WARN  Could not load snapshot text for C:\Users\Jayso\Projects_For_Github\pls\hello-world\src\main\scala\app\Main.scala
2025.08.11 22:45:14 WARN  2 deprecations (since 2.12.16)
2025.08.11 22:45:14 WARN  2 deprecations (since 20)
2025.08.11 22:45:14 WARN  2 deprecations (since R19)
2025.08.11 22:45:14 WARN  6 deprecations in total; re-run with -deprecation for details
2025.08.11 22:45:17 INFO  time: compiled hello-world in 1m19s
2025.08.11 22:46:05 INFO  tracing is disabled for protocol dap-server, to enable tracing of incoming and outgoing JSON messages create an empty file at C:\Users\Jayso\Projects_For_Github\pls\hello-world\.metals\dap-server.trace.json or C:\Users\Jayso\AppData\Local\scalameta\metals\cache\dap-server.trace.json
2025.08.11 22:46:07 INFO  tracing is disabled for protocol dap-client, to enable tracing of incoming and outgoing JSON messages create an empty file at C:\Users\Jayso\Projects_For_Github\pls\hello-world\.metals\dap-client.trace.json or C:\Users\Jayso\AppData\Local\scalameta\metals\cache\dap-client.trace.json
2025.08.11 22:46:07 INFO  Starting debug proxy for [app.Main]
2025.08.11 22:46:18 INFO  Loaded expression compiler in 20 milliseconds
2025.08.11 22:46:43 INFO  Loaded all sources and classes in 24 seconds
2025.08.11 22:46:43 INFO  Initialized Scala 3 decoder in 1 millisecond
2025.08.11 22:46:43 INFO  Trying to attach to remote debuggee VM kubernetes.docker.internal:58831 .
2025.08.11 22:46:43 INFO  Attaching to debuggee VM succeeded.
2025.08.11 22:49:11 INFO  [error response][variables]: com.sun.jdi.InconsistentDebugInfoException (full report at: "C:\Users\Jayso\Projects_For_Github\pls\hello-world\.metals\.reports\bloop\2025-08-11\r_[error response][var..._22-38-32-433.md")
Aug 11, 2025 10:49:18 PM org.eclipse.lsp4j.jsonrpc.services.GenericEndpoint notify
INFO: Unsupported notification method: $/setTrace
2025.08.11 22:50:30 INFO  compiling hello-world (1 scala source)
2025.08.11 22:50:33 INFO  Closing debug server tcp://0.0.0.0:58826
2025.08.11 22:50:33 INFO  Canceling debug proxy for [app.Main]
2025.08.11 22:50:58 WARN  2 deprecations (since 2.12.16)
2025.08.11 22:50:58 WARN  2 deprecations (since 20)
2025.08.11 22:50:58 WARN  2 deprecations (since R19)
2025.08.11 22:50:58 WARN  6 deprecations in total; re-run with -deprecation for details
2025.08.11 22:51:00 INFO  time: compiled hello-world in 29s
Aug 11, 2025 10:51:32 PM org.eclipse.lsp4j.jsonrpc.RemoteEndpoint handleCancellation
WARNING: Unmatched cancel notification for request id 345
2025.08.11 22:52:20 INFO  compiling hello-world (1 scala source)
2025.08.11 22:52:22 WARN  Could not load snapshot text for C:\Users\Jayso\Projects_For_Github\pls\hello-world\src\main\scala\app\Main.scala
Aug 11, 2025 10:52:32 PM org.eclipse.lsp4j.jsonrpc.RemoteEndpoint handleCancellation
WARNING: Unmatched cancel notification for request id 398
2025.08.11 22:52:32 WARN  2 deprecations (since 2.12.16)
2025.08.11 22:52:32 WARN  2 deprecations (since 20)
2025.08.11 22:52:32 WARN  2 deprecations (since R19)
2025.08.11 22:52:32 WARN  6 deprecations in total; re-run with -deprecation for details
2025.08.11 22:52:32 INFO  time: compiled hello-world in 13s
2025.08.11 22:52:38 INFO  compiling hello-world (1 scala source)
2025.08.11 22:52:48 WARN  2 deprecations (since 2.12.16)
2025.08.11 22:52:48 WARN  2 deprecations (since 20)
2025.08.11 22:52:48 WARN  2 deprecations (since R19)
2025.08.11 22:52:48 WARN  6 deprecations in total; re-run with -deprecation for details
2025.08.11 22:52:48 INFO  time: compiled hello-world in 10s
2025.08.11 22:53:20 INFO  compiling hello-world (1 scala source)
2025.08.11 22:53:25 INFO  time: compiled hello-world in 4.71s
2025.08.11 22:53:25 INFO  time: compiled hello-world in 52ms
Aug 11, 2025 10:53:28 PM org.eclipse.lsp4j.jsonrpc.RemoteEndpoint handleCancellation
WARNING: Unmatched cancel notification for request id 471
2025.08.11 22:53:30 INFO  compiling hello-world (1 scala source)
Aug 11, 2025 10:53:30 PM org.eclipse.lsp4j.jsonrpc.RemoteEndpoint handleCancellation
WARNING: Unmatched cancel notification for request id 482
Aug 11, 2025 10:53:33 PM org.eclipse.lsp4j.jsonrpc.RemoteEndpoint handleCancellation
WARNING: Unmatched cancel notification for request id 499
2025.08.11 22:53:36 INFO  time: compiled hello-world in 5.77s
2025.08.11 22:53:36 INFO  compiling hello-world (1 scala source)
2025.08.11 22:53:51 WARN  2 deprecations (since 2.12.16)
2025.08.11 22:53:51 WARN  2 deprecations (since 20)
2025.08.11 22:53:51 WARN  2 deprecations (since R19)
2025.08.11 22:53:51 WARN  6 deprecations in total; re-run with -deprecation for details
2025.08.11 22:53:53 INFO  time: compiled hello-world in 16s
Aug 11, 2025 10:54:57 PM org.eclipse.lsp4j.jsonrpc.RemoteEndpoint handleCancellation
WARNING: Unmatched cancel notification for request id 563
2025.08.11 22:54:57 WARN  Could not load snapshot text for C:\Users\Jayso\Projects_For_Github\pls\hello-world\src\main\scala\app\Main.scala
2025.08.11 22:54:58 INFO  compiling hello-world (1 scala source)
2025.08.11 22:55:04 WARN  Could not load snapshot text for C:\Users\Jayso\Projects_For_Github\pls\hello-world\src\main\scala\app\Main.scala
2025.08.11 22:55:04 WARN  Could not load snapshot text for C:\Users\Jayso\Projects_For_Github\pls\hello-world\src\main\scala\app\Main.scala
2025.08.11 22:55:24 WARN  2 deprecations (since 2.12.16)
2025.08.11 22:55:24 WARN  2 deprecations (since 20)
2025.08.11 22:55:24 WARN  2 deprecations (since R19)
2025.08.11 22:55:24 WARN  6 deprecations in total; re-run with -deprecation for details
2025.08.11 22:55:25 INFO  time: compiled hello-world in 27s
2025.08.11 22:57:29 INFO  compiling hello-world (1 scala source)
Aug 11, 2025 10:57:36 PM org.eclipse.lsp4j.jsonrpc.RemoteEndpoint handleCancellation
WARNING: Unmatched cancel notification for request id 621
Aug 11, 2025 10:57:37 PM org.eclipse.lsp4j.jsonrpc.RemoteEndpoint handleCancellation
WARNING: Unmatched cancel notification for request id 623
2025.08.11 22:57:42 WARN  2 deprecations (since 2.12.16)
2025.08.11 22:57:42 WARN  2 deprecations (since 20)
2025.08.11 22:57:42 WARN  2 deprecations (since R19)
2025.08.11 22:57:42 WARN  6 deprecations in total; re-run with -deprecation for details
2025.08.11 22:57:44 INFO  time: compiled hello-world in 15s
2025.08.11 22:57:49 WARN  Could not load snapshot text for C:\Users\Jayso\Projects_For_Github\pls\hello-world\src\main\scala\app\Main.scala
2025.08.11 22:57:50 WARN  Could not load snapshot text for C:\Users\Jayso\Projects_For_Github\pls\hello-world\src\main\scala\app\Main.scala
Aug 11, 2025 10:57:52 PM org.eclipse.lsp4j.jsonrpc.RemoteEndpoint handleCancellation
WARNING: Unmatched cancel notification for request id 664
Aug 11, 2025 10:57:52 PM org.eclipse.lsp4j.jsonrpc.RemoteEndpoint handleCancellation
WARNING: Unmatched cancel notification for request id 665
Aug 11, 2025 10:57:53 PM org.eclipse.lsp4j.jsonrpc.RemoteEndpoint handleCancellation
WARNING: Unmatched cancel notification for request id 667
2025.08.11 22:57:53 WARN  Could not load snapshot text for C:\Users\Jayso\Projects_For_Github\pls\hello-world\src\main\scala\app\Main.scala
2025.08.11 22:57:53 INFO  compiling hello-world (1 scala source)
2025.08.11 22:57:55 WARN  Could not load snapshot text for C:\Users\Jayso\Projects_For_Github\pls\hello-world\src\main\scala\app\Main.scala
Aug 11, 2025 10:57:56 PM org.eclipse.lsp4j.jsonrpc.RemoteEndpoint handleCancellation
WARNING: Unmatched cancel notification for request id 687
2025.08.11 22:57:57 INFO  time: compiled hello-world in 3.49s
2025.08.11 22:57:57 WARN  Could not load snapshot text for C:\Users\Jayso\Projects_For_Github\pls\hello-world\src\main\scala\app\Main.scala
2025.08.11 22:57:58 INFO  compiling hello-world (1 scala source)
Aug 11, 2025 10:58:05 PM org.eclipse.lsp4j.jsonrpc.RemoteEndpoint handleCancellation
WARNING: Unmatched cancel notification for request id 692
Aug 11, 2025 10:58:05 PM org.eclipse.lsp4j.jsonrpc.RemoteEndpoint handleCancellation
WARNING: Unmatched cancel notification for request id 693
2025.08.11 22:58:15 WARN  Could not load snapshot text for C:\Users\Jayso\Projects_For_Github\pls\hello-world\src\main\scala\app\Main.scala
Aug 11, 2025 10:58:15 PM org.eclipse.lsp4j.jsonrpc.RemoteEndpoint handleCancellation
WARNING: Unmatched cancel notification for request id 699
2025.08.11 22:58:16 WARN  2 deprecations (since 2.12.16)
2025.08.11 22:58:16 WARN  2 deprecations (since 20)
2025.08.11 22:58:16 WARN  2 deprecations (since R19)
2025.08.11 22:58:16 WARN  6 deprecations in total; re-run with -deprecation for details
2025.08.11 22:58:18 WARN  Could not load snapshot text for C:\Users\Jayso\Projects_For_Github\pls\hello-world\src\main\scala\app\Main.scala
2025.08.11 22:58:18 INFO  time: compiled hello-world in 20s
2025.08.11 22:58:21 INFO  compiling hello-world (1 scala source)
Aug 11, 2025 10:58:39 PM org.eclipse.lsp4j.jsonrpc.RemoteEndpoint handleCancellation
WARNING: Unmatched cancel notification for request id 727
Aug 11, 2025 10:58:40 PM org.eclipse.lsp4j.jsonrpc.RemoteEndpoint handleCancellation
WARNING: Unmatched cancel notification for request id 730
2025.08.11 22:58:40 WARN  2 deprecations (since 2.12.16)
2025.08.11 22:58:40 WARN  2 deprecations (since 20)
2025.08.11 22:58:40 WARN  2 deprecations (since R19)
2025.08.11 22:58:40 WARN  6 deprecations in total; re-run with -deprecation for details
Aug 11, 2025 10:58:41 PM org.eclipse.lsp4j.jsonrpc.RemoteEndpoint handleCancellation
WARNING: Unmatched cancel notification for request id 732
Aug 11, 2025 10:58:41 PM org.eclipse.lsp4j.jsonrpc.RemoteEndpoint handleCancellation
WARNING: Unmatched cancel notification for request id 733
2025.08.11 22:58:42 INFO  time: compiled hello-world in 21s
Aug 11, 2025 10:58:42 PM scala.meta.internal.pc.CompilerAccess retryWithCleanCompiler
INFO: compiler crashed due to an error in the Scala compiler, retrying with new compiler instance.
2025.08.11 22:58:44 INFO  compiling hello-world (1 scala source)
2025.08.11 22:58:46 WARN  Could not load snapshot text for C:\Users\Jayso\Projects_For_Github\pls\hello-world\src\main\scala\app\Main.scala
Aug 11, 2025 10:58:55 PM org.eclipse.lsp4j.jsonrpc.RemoteEndpoint handleCancellation
WARNING: Unmatched cancel notification for request id 744
2025.08.11 22:58:55 WARN  Could not load snapshot text for C:\Users\Jayso\Projects_For_Github\pls\hello-world\src\main\scala\app\Main.scala
Aug 11, 2025 10:58:55 PM org.eclipse.lsp4j.jsonrpc.RemoteEndpoint handleCancellation
WARNING: Unmatched cancel notification for request id 746
Aug 11, 2025 10:58:55 PM org.eclipse.lsp4j.jsonrpc.RemoteEndpoint handleCancellation
WARNING: Unmatched cancel notification for request id 745
Aug 11, 2025 10:58:57 PM org.eclipse.lsp4j.jsonrpc.RemoteEndpoint handleCancellation
WARNING: Unmatched cancel notification for request id 749
Aug 11, 2025 10:58:58 PM org.eclipse.lsp4j.jsonrpc.RemoteEndpoint handleCancellation
WARNING: Unmatched cancel notification for request id 752
Aug 11, 2025 10:58:58 PM org.eclipse.lsp4j.jsonrpc.RemoteEndpoint handleCancellation
WARNING: Unmatched cancel notification for request id 751
2025.08.11 22:58:59 WARN  Could not load snapshot text for C:\Users\Jayso\Projects_For_Github\pls\hello-world\src\main\scala\app\Main.scala
Aug 11, 2025 10:59:00 PM org.eclipse.lsp4j.jsonrpc.RemoteEndpoint handleCancellation
WARNING: Unmatched cancel notification for request id 765
2025.08.11 22:59:04 WARN  2 deprecations (since 2.12.16)
2025.08.11 22:59:04 WARN  2 deprecations (since 20)
2025.08.11 22:59:04 WARN  2 deprecations (since R19)
2025.08.11 22:59:04 WARN  6 deprecations in total; re-run with -deprecation for details
2025.08.11 22:59:06 INFO  time: compiled hello-world in 22s
2025.08.11 23:04:51 INFO  compiling hello-world (1 scala source)
2025.08.11 23:05:13 WARN  2 deprecations (since 2.12.16)
2025.08.11 23:05:13 WARN  2 deprecations (since 20)
2025.08.11 23:05:13 WARN  2 deprecations (since R19)
2025.08.11 23:05:13 WARN  6 deprecations in total; re-run with -deprecation for details
2025.08.11 23:05:15 INFO  time: compiled hello-world in 23s
Aug 11, 2025 11:16:36 PM org.eclipse.lsp4j.jsonrpc.RemoteEndpoint handleCancellation
WARNING: Unmatched cancel notification for request id 830
Aug 11, 2025 11:16:36 PM org.eclipse.lsp4j.jsonrpc.RemoteEndpoint handleCancellation
WARNING: Unmatched cancel notification for request id 831
Aug 11, 2025 11:16:55 PM org.eclipse.lsp4j.jsonrpc.RemoteEndpoint handleCancellation
WARNING: Unmatched cancel notification for request id 931
Aug 11, 2025 11:16:55 PM org.eclipse.lsp4j.jsonrpc.RemoteEndpoint handleCancellation
WARNING: Unmatched cancel notification for request id 932
Aug 11, 2025 11:16:55 PM org.eclipse.lsp4j.jsonrpc.RemoteEndpoint handleCancellation
WARNING: Unmatched cancel notification for request id 933
Aug 11, 2025 11:16:55 PM org.eclipse.lsp4j.jsonrpc.RemoteEndpoint handleCancellation
WARNING: Unmatched cancel notification for request id 934
Aug 11, 2025 11:16:56 PM org.eclipse.lsp4j.jsonrpc.RemoteEndpoint handleCancellation
WARNING: Unmatched cancel notification for request id 940
Aug 11, 2025 11:16:56 PM org.eclipse.lsp4j.jsonrpc.RemoteEndpoint handleCancellation
WARNING: Unmatched cancel notification for request id 941
Aug 11, 2025 11:16:57 PM org.eclipse.lsp4j.jsonrpc.RemoteEndpoint handleCancellation
WARNING: Unmatched cancel notification for request id 957
Aug 11, 2025 11:16:57 PM org.eclipse.lsp4j.jsonrpc.RemoteEndpoint handleCancellation
WARNING: Unmatched cancel notification for request id 958
2025.08.11 23:16:59 INFO  compiling hello-world (1 scala source)
2025.08.11 23:17:02 WARN  Could not load snapshot text for C:\Users\Jayso\Projects_For_Github\pls\hello-world\src\main\scala\app\Main.scala
Aug 11, 2025 11:17:08 PM org.eclipse.lsp4j.jsonrpc.RemoteEndpoint handleCancellation
WARNING: Unmatched cancel notification for request id 1013
Aug 11, 2025 11:17:09 PM org.eclipse.lsp4j.jsonrpc.RemoteEndpoint handleCancellation
WARNING: Unmatched cancel notification for request id 1016
Aug 11, 2025 11:17:09 PM org.eclipse.lsp4j.jsonrpc.RemoteEndpoint handleCancellation
WARNING: Unmatched cancel notification for request id 1023
Aug 11, 2025 11:17:09 PM org.eclipse.lsp4j.jsonrpc.RemoteEndpoint handleCancellation
WARNING: Unmatched cancel notification for request id 1024
Aug 11, 2025 11:17:10 PM org.eclipse.lsp4j.jsonrpc.RemoteEndpoint handleCancellation
WARNING: Unmatched cancel notification for request id 1038
Aug 11, 2025 11:17:10 PM org.eclipse.lsp4j.jsonrpc.RemoteEndpoint handleCancellation
WARNING: Unmatched cancel notification for request id 1039
Aug 11, 2025 11:17:10 PM org.eclipse.lsp4j.jsonrpc.RemoteEndpoint handleCancellation
WARNING: Unmatched cancel notification for request id 1040
Aug 11, 2025 11:17:10 PM org.eclipse.lsp4j.jsonrpc.RemoteEndpoint handleCancellation
WARNING: Unmatched cancel notification for request id 1041
Aug 11, 2025 11:17:10 PM org.eclipse.lsp4j.jsonrpc.RemoteEndpoint handleCancellation
WARNING: Unmatched cancel notification for request id 1051
Aug 11, 2025 11:17:11 PM org.eclipse.lsp4j.jsonrpc.RemoteEndpoint handleCancellation
WARNING: Unmatched cancel notification for request id 1054
2025.08.11 23:17:11 WARN  2 deprecations (since 2.12.16)
2025.08.11 23:17:11 WARN  2 deprecations (since 20)
2025.08.11 23:17:11 WARN  2 deprecations (since R19)
2025.08.11 23:17:11 WARN  6 deprecations in total; re-run with -deprecation for details
Aug 11, 2025 11:17:11 PM org.eclipse.lsp4j.jsonrpc.RemoteEndpoint handleCancellation
WARNING: Unmatched cancel notification for request id 1058
Aug 11, 2025 11:17:11 PM org.eclipse.lsp4j.jsonrpc.RemoteEndpoint handleCancellation
WARNING: Unmatched cancel notification for request id 1059
Aug 11, 2025 11:17:11 PM org.eclipse.lsp4j.jsonrpc.RemoteEndpoint handleCancellation
WARNING: Unmatched cancel notification for request id 1063
Aug 11, 2025 11:17:11 PM org.eclipse.lsp4j.jsonrpc.RemoteEndpoint handleCancellation
WARNING: Unmatched cancel notification for request id 1064
2025.08.11 23:17:11 INFO  time: compiled hello-world in 13s
Aug 11, 2025 11:17:12 PM scala.meta.internal.pc.CompilerAccess retryWithCleanCompiler
INFO: compiler crashed due to an error in the Scala compiler, retrying with new compiler instance.
2025.08.11 23:17:13 INFO  compiling hello-world (1 scala source)
2025.08.11 23:17:20 WARN  2 deprecations (since 2.12.16)
2025.08.11 23:17:20 WARN  2 deprecations (since 20)
2025.08.11 23:17:20 WARN  2 deprecations (since R19)
2025.08.11 23:17:20 WARN  6 deprecations in total; re-run with -deprecation for details
2025.08.11 23:17:20 INFO  time: compiled hello-world in 6.97s
2025.08.11 23:17:26 INFO  compiling hello-world (1 scala source)
2025.08.11 23:17:31 WARN  2 deprecations (since 2.12.16)
2025.08.11 23:17:31 WARN  2 deprecations (since 20)
2025.08.11 23:17:31 WARN  2 deprecations (since R19)
2025.08.11 23:17:31 WARN  6 deprecations in total; re-run with -deprecation for details
2025.08.11 23:17:31 INFO  time: compiled hello-world in 5.41s
2025.08.11 23:17:38 INFO  tracing is disabled for protocol dap-server, to enable tracing of incoming and outgoing JSON messages create an empty file at C:\Users\Jayso\Projects_For_Github\pls\hello-world\.metals\dap-server.trace.json or C:\Users\Jayso\AppData\Local\scalameta\metals\cache\dap-server.trace.json
2025.08.11 23:17:38 INFO  tracing is disabled for protocol dap-client, to enable tracing of incoming and outgoing JSON messages create an empty file at C:\Users\Jayso\Projects_For_Github\pls\hello-world\.metals\dap-client.trace.json or C:\Users\Jayso\AppData\Local\scalameta\metals\cache\dap-client.trace.json
2025.08.11 23:17:38 INFO  Starting debug proxy for [app.Main]
2025.08.11 23:17:38 INFO  Loaded expression compiler in 3 milliseconds
2025.08.11 23:17:43 INFO  Loaded all sources and classes in 5 seconds
2025.08.11 23:17:43 INFO  Initialized Scala 3 decoder in 1 millisecond
2025.08.11 23:17:43 INFO  Trying to attach to remote debuggee VM kubernetes.docker.internal:59943 .
2025.08.11 23:17:43 INFO  Attaching to debuggee VM succeeded.
2025.08.11 23:19:35 INFO  compiling hello-world (1 scala source)
2025.08.11 23:19:46 WARN  2 deprecations (since 2.12.16)
2025.08.11 23:19:46 WARN  2 deprecations (since 20)
2025.08.11 23:19:46 WARN  2 deprecations (since R19)
2025.08.11 23:19:46 WARN  6 deprecations in total; re-run with -deprecation for details
2025.08.11 23:19:46 INFO  time: compiled hello-world in 11s
2025.08.11 23:19:47 WARN  Could not load snapshot text for C:\Users\Jayso\Projects_For_Github\pls\hello-world\src\main\scala\app\Main.scala
2025.08.11 23:19:54 WARN  Could not load snapshot text for C:\Users\Jayso\Projects_For_Github\pls\hello-world\src\main\scala\app\Main.scala
Aug 11, 2025 11:19:54 PM org.eclipse.lsp4j.jsonrpc.RemoteEndpoint handleCancellation
WARNING: Unmatched cancel notification for request id 1155
2025.08.11 23:19:54 WARN  Could not load snapshot text for C:\Users\Jayso\Projects_For_Github\pls\hello-world\src\main\scala\app\Main.scala
2025.08.11 23:19:55 INFO  compiling hello-world (1 scala source)
2025.08.11 23:19:55 INFO  time: compiled hello-world in 0.54s
2025.08.11 23:19:56 WARN  Could not load snapshot text for C:\Users\Jayso\Projects_For_Github\pls\hello-world\src\main\scala\app\Main.scala
2025.08.11 23:19:56 WARN  Could not load snapshot text for C:\Users\Jayso\Projects_For_Github\pls\hello-world\src\main\scala\app\Main.scala
2025.08.11 23:19:57 INFO  time: compiled hello-world in 21ms
2025.08.11 23:19:58 WARN  Could not load snapshot text for C:\Users\Jayso\Projects_For_Github\pls\hello-world\src\main\scala\app\Main.scala
Aug 11, 2025 11:20:13 PM org.eclipse.lsp4j.jsonrpc.RemoteEndpoint handleCancellation
WARNING: Unmatched cancel notification for request id 1187
2025.08.11 23:22:05 INFO  Closing debug server tcp://0.0.0.0:59941
2025.08.11 23:22:05 INFO  Canceling debug proxy for [app.Main]
2025.08.11 23:22:43 WARN  Could not load snapshot text for C:\Users\Jayso\Projects_For_Github\pls\hello-world\src\main\scala\app\Main.scala
2025.08.11 23:22:48 WARN  Could not load snapshot text for C:\Users\Jayso\Projects_For_Github\pls\hello-world\src\main\scala\app\Main.scala
2025.08.11 23:22:49 INFO  compiling hello-world (1 scala source)
2025.08.11 23:22:51 WARN  Could not load snapshot text for C:\Users\Jayso\Projects_For_Github\pls\hello-world\src\main\scala\app\Main.scala
2025.08.11 23:23:00 WARN  2 deprecations (since 2.12.16)
2025.08.11 23:23:00 WARN  2 deprecations (since 20)
2025.08.11 23:23:00 WARN  2 deprecations (since R19)
2025.08.11 23:23:00 WARN  6 deprecations in total; re-run with -deprecation for details
Aug 11, 2025 11:23:01 PM org.eclipse.lsp4j.jsonrpc.RemoteEndpoint handleCancellation
WARNING: Unmatched cancel notification for request id 1262
Aug 11, 2025 11:23:01 PM org.eclipse.lsp4j.jsonrpc.RemoteEndpoint handleCancellation
WARNING: Unmatched cancel notification for request id 1263
Aug 11, 2025 11:23:01 PM org.eclipse.lsp4j.jsonrpc.RemoteEndpoint handleCancellation
WARNING: Unmatched cancel notification for request id 1264
Aug 11, 2025 11:23:01 PM org.eclipse.lsp4j.jsonrpc.RemoteEndpoint handleCancellation
WARNING: Unmatched cancel notification for request id 1265
Aug 11, 2025 11:23:01 PM org.eclipse.lsp4j.jsonrpc.RemoteEndpoint handleCancellation
WARNING: Unmatched cancel notification for request id 1266
2025.08.11 23:23:00 INFO  time: compiled hello-world in 11s
2025.08.11 23:23:12 INFO  compiling hello-world (1 scala source)
2025.08.11 23:23:17 WARN  2 deprecations (since 2.12.16)
2025.08.11 23:23:17 WARN  2 deprecations (since 20)
2025.08.11 23:23:17 WARN  2 deprecations (since R19)
2025.08.11 23:23:17 WARN  6 deprecations in total; re-run with -deprecation for details
2025.08.11 23:23:17 INFO  time: compiled hello-world in 5.98s
2025.08.11 23:23:18 INFO  tracing is disabled for protocol dap-server, to enable tracing of incoming and outgoing JSON messages create an empty file at C:\Users\Jayso\Projects_For_Github\pls\hello-world\.metals\dap-server.trace.json or C:\Users\Jayso\AppData\Local\scalameta\metals\cache\dap-server.trace.json
2025.08.11 23:23:18 INFO  tracing is disabled for protocol dap-client, to enable tracing of incoming and outgoing JSON messages create an empty file at C:\Users\Jayso\Projects_For_Github\pls\hello-world\.metals\dap-client.trace.json or C:\Users\Jayso\AppData\Local\scalameta\metals\cache\dap-client.trace.json
2025.08.11 23:23:18 INFO  Starting debug proxy for [app.Main]
2025.08.11 23:23:18 INFO  Loaded expression compiler in 3 milliseconds
2025.08.11 23:23:23 INFO  Loaded all sources and classes in 4 seconds
2025.08.11 23:23:23 INFO  Initialized Scala 3 decoder in 0 milliseconds
2025.08.11 23:23:23 INFO  Trying to attach to remote debuggee VM kubernetes.docker.internal:60122 .
2025.08.11 23:23:23 INFO  Attaching to debuggee VM succeeded.
Aug 11, 2025 11:24:15 PM org.eclipse.lsp4j.jsonrpc.RemoteEndpoint handleCancellation
WARNING: Unmatched cancel notification for request id 1350
Aug 11, 2025 11:25:00 PM org.eclipse.lsp4j.jsonrpc.RemoteEndpoint handleCancellation
WARNING: Unmatched cancel notification for request id 1385
2025.08.11 23:25:01 INFO  compiling hello-world (1 scala source)
2025.08.11 23:25:01 WARN  Could not load snapshot text for C:\Users\Jayso\Projects_For_Github\pls\hello-world\src\main\scala\app\Main.scala
2025.08.11 23:25:04 WARN  Could not load snapshot text for C:\Users\Jayso\Projects_For_Github\pls\hello-world\src\main\scala\app\Main.scala
2025.08.11 23:25:05 INFO  time: compiled hello-world in 4.67s
2025.08.11 23:25:06 WARN  Could not load snapshot text for C:\Users\Jayso\Projects_For_Github\pls\hello-world\src\main\scala\app\Main.scala
2025.08.11 23:25:05 INFO  compiling hello-world (1 scala source)
2025.08.11 23:25:09 INFO  time: compiled hello-world in 3.11s
2025.08.11 23:25:10 WARN  Could not load snapshot text for C:\Users\Jayso\Projects_For_Github\pls\hello-world\src\main\scala\app\Main.scala
2025.08.11 23:25:17 WARN  Could not load snapshot text for C:\Users\Jayso\Projects_For_Github\pls\hello-world\src\main\scala\app\Main.scala
2025.08.11 23:25:18 WARN  Could not load snapshot text for C:\Users\Jayso\Projects_For_Github\pls\hello-world\src\main\scala\app\Main.scala
2025.08.11 23:25:18 INFO  compiling hello-world (1 scala source)
Aug 11, 2025 11:25:19 PM org.eclipse.lsp4j.jsonrpc.RemoteEndpoint handleCancellation
WARNING: Unmatched cancel notification for request id 1432
2025.08.11 23:25:19 WARN  Could not load snapshot text for C:\Users\Jayso\Projects_For_Github\pls\hello-world\src\main\scala\app\Main.scala
2025.08.11 23:25:21 INFO  time: compiled hello-world in 2.7s
2025.08.11 23:25:21 INFO  time: compiled hello-world in 46ms
Aug 11, 2025 11:25:21 PM org.eclipse.lsp4j.jsonrpc.RemoteEndpoint handleCancellation
WARNING: Unmatched cancel notification for request id 1446
2025.08.11 23:25:47 INFO  compiling hello-world (1 scala source)
2025.08.11 23:25:48 INFO  Canceling debug proxy for [app.Main]
2025.08.11 23:25:48 INFO  Closing debug server tcp://0.0.0.0:60118
2025.08.11 23:25:55 WARN  2 deprecations (since 2.12.16)
2025.08.11 23:25:55 WARN  2 deprecations (since 20)
2025.08.11 23:25:55 WARN  2 deprecations (since R19)
2025.08.11 23:25:55 WARN  6 deprecations in total; re-run with -deprecation for details
2025.08.11 23:25:55 INFO  time: compiled hello-world in 8.87s
2025.08.11 23:26:01 INFO  tracing is disabled for protocol dap-server, to enable tracing of incoming and outgoing JSON messages create an empty file at C:\Users\Jayso\Projects_For_Github\pls\hello-world\.metals\dap-server.trace.json or C:\Users\Jayso\AppData\Local\scalameta\metals\cache\dap-server.trace.json
2025.08.11 23:26:01 INFO  tracing is disabled for protocol dap-client, to enable tracing of incoming and outgoing JSON messages create an empty file at C:\Users\Jayso\Projects_For_Github\pls\hello-world\.metals\dap-client.trace.json or C:\Users\Jayso\AppData\Local\scalameta\metals\cache\dap-client.trace.json
2025.08.11 23:26:01 INFO  Starting debug proxy for [app.Main]
2025.08.11 23:26:01 INFO  Loaded expression compiler in 2 milliseconds
2025.08.11 23:26:07 INFO  Loaded all sources and classes in 5 seconds
2025.08.11 23:26:07 INFO  Initialized Scala 3 decoder in 1 millisecond
2025.08.11 23:26:07 INFO  Trying to attach to remote debuggee VM kubernetes.docker.internal:60209 .
2025.08.11 23:26:07 INFO  Attaching to debuggee VM succeeded.
2025.08.11 23:28:08 INFO  Closing debug server tcp://0.0.0.0:60205
2025.08.11 23:28:08 INFO  Canceling debug proxy for [app.Main]
2025.08.13 07:47:28 INFO  Shutting down server
2025.08.13 07:47:28 INFO  shutting down Metals
2025.09.27 10:43:26 INFO  Started: Metals version 1.6.2 in folders 'C:\Users\Jayso\Projects_For_Github\pls\hello-world' for client Visual Studio Code 1.104.2.
2025.09.27 10:43:35 INFO  no build target found for C:\Users\Jayso\Projects_For_Github\pls\hello-world\src\main\scala\app\Main.scala. Using presentation compiler with project's scala-library version: 3.3.6
2025.09.27 10:43:36 INFO  Attempting to connect to the build server...
2025.09.27 10:43:36 INFO  Found a Bloop server running
2025.09.27 10:43:37 INFO  tracing is disabled for protocol BSP, to enable tracing of incoming and outgoing JSON messages create an empty file at C:\Users\Jayso\Projects_For_Github\pls\hello-world\.metals\bsp.trace.json or C:\Users\Jayso\AppData\Local\scalameta\metals\cache\bsp.trace.json
2025.09.27 10:43:45 INFO  Attempting to connect to the build server...
2025.09.27 10:43:45 INFO  Found a Bloop server running
2025.09.27 10:43:45 INFO  tracing is disabled for protocol BSP, to enable tracing of incoming and outgoing JSON messages create an empty file at C:\Users\Jayso\Projects_For_Github\pls\hello-world\project\.metals\bsp.trace.json or C:\Users\Jayso\AppData\Local\scalameta\metals\cache\bsp.trace.json
2025.09.27 10:43:46 INFO  time: Connected to build server in 9.79s
2025.09.27 10:43:45 INFO  Connected to Build server: Bloop v2.0.13
2025.09.27 10:43:47 INFO  time: Imported build in 0.99s
2025.09.27 10:44:12 INFO  time: indexed workspace in 25s
2025.09.27 10:44:14 INFO  compiling hello-world (3 scala sources)
2025.09.27 10:44:36 WARN  2 deprecations (since 2.12.16)
2025.09.27 10:44:36 WARN  1 deprecation (since 2.13.0)
2025.09.27 10:44:36 WARN  2 deprecations (since 20)
2025.09.27 10:44:36 WARN  2 deprecations (since R19)
2025.09.27 10:44:36 WARN  7 deprecations in total; re-run with -deprecation for details
2025.09.27 10:44:37 INFO  time: compiled hello-world in 23s
2025.09.27 10:44:39 INFO  time: code lens generation in 1.08s
2025.09.27 10:44:39 INFO  time: code lens generation in 1.08s
2025.09.27 10:44:39 INFO  time: code lens generation in 1.09s
Sep 27, 2025 10:49:11 AM org.eclipse.lsp4j.jsonrpc.RemoteEndpoint handleCancellation
WARNING: Unmatched cancel notification for request id 99
Sep 27, 2025 10:49:12 AM org.eclipse.lsp4j.jsonrpc.RemoteEndpoint handleCancellation
WARNING: Unmatched cancel notification for request id 100
Sep 27, 2025 10:49:12 AM org.eclipse.lsp4j.jsonrpc.RemoteEndpoint handleCancellation
WARNING: Unmatched cancel notification for request id 101
2025.09.27 10:49:31 INFO  compiling hello-world (1 scala source)
Sep 27, 2025 10:49:33 AM org.eclipse.lsp4j.jsonrpc.RemoteEndpoint handleCancellation
WARNING: Unmatched cancel notification for request id 158
Sep 27, 2025 10:49:36 AM org.eclipse.lsp4j.jsonrpc.RemoteEndpoint handleCancellation
WARNING: Unmatched cancel notification for request id 166
Sep 27, 2025 10:49:36 AM org.eclipse.lsp4j.jsonrpc.RemoteEndpoint handleCancellation
WARNING: Unmatched cancel notification for request id 167
2025.09.27 10:49:42 INFO  time: compiled hello-world in 10s
Sep 27, 2025 10:49:54 AM org.eclipse.lsp4j.jsonrpc.RemoteEndpoint handleCancellation
WARNING: Unmatched cancel notification for request id 221
Sep 27, 2025 10:50:07 AM org.eclipse.lsp4j.jsonrpc.RemoteEndpoint handleCancellation
WARNING: Unmatched cancel notification for request id 259
2025.09.27 10:50:11 INFO  compiling hello-world (1 scala source)
Sep 27, 2025 10:50:18 AM org.eclipse.lsp4j.jsonrpc.RemoteEndpoint handleCancellation
WARNING: Unmatched cancel notification for request id 305
Sep 27, 2025 10:50:18 AM org.eclipse.lsp4j.jsonrpc.RemoteEndpoint handleCancellation
WARNING: Unmatched cancel notification for request id 306
Sep 27, 2025 10:50:20 AM org.eclipse.lsp4j.jsonrpc.RemoteEndpoint handleCancellation
WARNING: Unmatched cancel notification for request id 320
Sep 27, 2025 10:50:20 AM org.eclipse.lsp4j.jsonrpc.RemoteEndpoint handleCancellation
WARNING: Unmatched cancel notification for request id 321
Sep 27, 2025 10:50:20 AM org.eclipse.lsp4j.jsonrpc.RemoteEndpoint handleCancellation
WARNING: Unmatched cancel notification for request id 322
Sep 27, 2025 10:50:21 AM org.eclipse.lsp4j.jsonrpc.RemoteEndpoint handleCancellation
WARNING: Unmatched cancel notification for request id 330
Sep 27, 2025 10:50:21 AM org.eclipse.lsp4j.jsonrpc.RemoteEndpoint handleCancellation
WARNING: Unmatched cancel notification for request id 331
Sep 27, 2025 10:50:21 AM org.eclipse.lsp4j.jsonrpc.RemoteEndpoint handleCancellation
WARNING: Unmatched cancel notification for request id 332
Sep 27, 2025 10:50:29 AM org.eclipse.lsp4j.jsonrpc.RemoteEndpoint handleCancellation
WARNING: Unmatched cancel notification for request id 377
Sep 27, 2025 10:50:29 AM org.eclipse.lsp4j.jsonrpc.RemoteEndpoint handleCancellation
WARNING: Unmatched cancel notification for request id 378
Sep 27, 2025 10:50:29 AM org.eclipse.lsp4j.jsonrpc.RemoteEndpoint handleCancellation
WARNING: Unmatched cancel notification for request id 379
Sep 27, 2025 10:50:29 AM org.eclipse.lsp4j.jsonrpc.RemoteEndpoint handleCancellation
WARNING: Unmatched cancel notification for request id 380
Sep 27, 2025 10:50:29 AM org.eclipse.lsp4j.jsonrpc.RemoteEndpoint handleCancellation
WARNING: Unmatched cancel notification for request id 381
Sep 27, 2025 10:50:29 AM org.eclipse.lsp4j.jsonrpc.RemoteEndpoint handleCancellation
WARNING: Unmatched cancel notification for request id 382
Sep 27, 2025 10:50:29 AM org.eclipse.lsp4j.jsonrpc.RemoteEndpoint handleCancellation
WARNING: Unmatched cancel notification for request id 383
Sep 27, 2025 10:50:29 AM org.eclipse.lsp4j.jsonrpc.RemoteEndpoint handleCancellation
WARNING: Unmatched cancel notification for request id 384
Sep 27, 2025 10:50:29 AM org.eclipse.lsp4j.jsonrpc.RemoteEndpoint handleCancellation
WARNING: Unmatched cancel notification for request id 389
2025.09.27 10:50:30 WARN  2 deprecations (since 2.12.16)
2025.09.27 10:50:30 WARN  1 deprecation (since 20)
2025.09.27 10:50:30 WARN  2 deprecations (since R19)
2025.09.27 10:50:30 WARN  5 deprecations in total; re-run with -deprecation for details
2025.09.27 10:50:30 INFO  time: compiled hello-world in 19s
2025.09.27 10:50:37 INFO  compiling hello-world (1 scala source)
2025.09.27 10:50:38 INFO  time: compiled hello-world in 1.05s
2025.09.27 10:50:38 INFO  compiling hello-world (1 scala source)
2025.09.27 10:50:39 INFO  time: compiled hello-world in 0.99s
Sep 27, 2025 10:50:39 AM scala.meta.internal.pc.CompilerAccess retryWithCleanCompiler
INFO: compiler crashed due to an error in the Scala compiler, retrying with new compiler instance.
Sep 27, 2025 10:50:42 AM org.eclipse.lsp4j.jsonrpc.RemoteEndpoint handleCancellation
WARNING: Unmatched cancel notification for request id 445
Sep 27, 2025 10:50:43 AM org.eclipse.lsp4j.jsonrpc.RemoteEndpoint handleCancellation
WARNING: Unmatched cancel notification for request id 450
2025.09.27 10:50:44 INFO  compiling hello-world (1 scala source)
2025.09.27 10:50:47 INFO  time: compiled hello-world in 2.68s
Sep 27, 2025 10:50:50 AM org.eclipse.lsp4j.jsonrpc.RemoteEndpoint handleCancellation
WARNING: Unmatched cancel notification for request id 475
Sep 27, 2025 10:50:50 AM org.eclipse.lsp4j.jsonrpc.RemoteEndpoint handleCancellation
WARNING: Unmatched cancel notification for request id 476
Sep 27, 2025 10:50:50 AM org.eclipse.lsp4j.jsonrpc.RemoteEndpoint handleCancellation
WARNING: Unmatched cancel notification for request id 477
Sep 27, 2025 10:50:50 AM org.eclipse.lsp4j.jsonrpc.RemoteEndpoint handleCancellation
WARNING: Unmatched cancel notification for request id 478
2025.09.27 10:50:51 INFO  compiling hello-world (1 scala source)
Sep 27, 2025 10:50:52 AM org.eclipse.lsp4j.jsonrpc.RemoteEndpoint handleCancellation
WARNING: Unmatched cancel notification for request id 501
Sep 27, 2025 10:50:52 AM org.eclipse.lsp4j.jsonrpc.RemoteEndpoint handleCancellation
WARNING: Unmatched cancel notification for request id 502
Sep 27, 2025 10:50:52 AM org.eclipse.lsp4j.jsonrpc.RemoteEndpoint handleCancellation
WARNING: Unmatched cancel notification for request id 503
Sep 27, 2025 10:50:52 AM org.eclipse.lsp4j.jsonrpc.RemoteEndpoint handleCancellation
WARNING: Unmatched cancel notification for request id 504
2025.09.27 10:50:59 WARN  2 deprecations (since 2.12.16)
2025.09.27 10:50:59 WARN  1 deprecation (since 20)
2025.09.27 10:50:59 WARN  2 deprecations (since R19)
2025.09.27 10:50:59 WARN  5 deprecations in total; re-run with -deprecation for details
2025.09.27 10:50:59 INFO  time: compiled hello-world in 8.31s
